"","X","firstName","lastName","HSE_NBR_home","STREET_home","STTYPE_home","UNIT_NBR_home","ZIP_CODE_home","HSE_NBR","STREET","STTYPE","ZIP_CODE","DEST_NAME","DEST_NAME_TYPE","ept","lpt","edt","ldt"
"1",19.5,"Austin","Davies",222,"33RD","ST","913",532084126,6215,"WARNIMONT","AVE",53220,"Driver's Education Class","Event",NA,NA,NA,2020-04-13 15:45:00
"2",19.13,"Liam","Springer",935,"CASS","ST","38",532023413,6215,"WARNIMONT","AVE",53220,"Driver's Education Class","Event",2020-04-13 07:00:00,NA,NA,2020-04-13 12:00:00
"3",6.13,"Tim","Duncan",1434,"LINCOLN","AV","",532153144,2751,"LENOX","ST",53207,"Bay View High School","School",2020-04-13 10:00:00,2020-04-13 10:30:00,NA,2020-04-13 16:15:00
"4",17.9,"Jessica","Davidson",7470,"GLENBROOK","RD","317",532231132,9050,"SWAN","RD",53224,"Northwest YMCA","Sport",2020-04-13 08:00:00,NA,NA,2020-04-13 12:45:00
"5",13.14,"Dominic","Hardacre",6338,"20TH","ST","",532215255,2419,"KENWOOD","BLVD",53211,"Helene Zelazo Center for the Performing Arts","Band Rehearsal",2020-04-13 07:15:00,2020-04-13 07:25:00,NA,NA
"6",11.5,"Audrey","Alsop",1601,"BRADFORD","AV","",532110000,1532,"WELLS","ST",53233,"Jimmy Johns","Job",2020-04-13 07:15:00,NA,NA,NA
"7",15.1,"Blake","Abraham",1919,"SUMMIT","AV","4E",532021365,1111,"VEL R PHILLIPS","AVE",53203,"Fiserv Forum","Event",2020-04-13 09:15:00,2020-04-13 09:45:00,NA,2020-04-13 15:00:00
"8",3.12,"Chloe","Hemmings",5865,"64TH","ST","",532181919,4965,"20TH","ST",53221,"Ronal Reagan High School","School",2020-04-13 07:15:00,NA,NA,2020-04-13 17:20:00
"9",13.17,"Julian","Sharp",2477,"6TH","ST","",532153224,2419,"KENWOOD","BLVD",53211,"Helene Zelazo Center for the Performing Arts","Band Rehearsal",NA,2020-04-13 09:25:00,NA,2020-04-13 13:10:00
"10",14.15,"Nicholas","Murray",2744,"24TH","PL","",532061139,1641,"MILLER PARK","WAY",53214,"Culver's","Job",2020-04-13 08:15:00,2020-04-13 09:00:00,NA,NA
"11",9.18,"David","Reid",2337,"10TH","ST","",532063117,1818,"CANAL","ST",53233,"Marquette University Valley Fields","Sport",NA,2020-04-13 09:00:00,2020-04-13 14:15:00,NA
"12",14.19,"Joseph","Wilkins",9132,"DIXON","ST","203",532141351,1641,"MILLER PARK","WAY",53214,"Culver's","Job",NA,NA,NA,2020-04-13 16:15:00
"13",19.2,"Ryan","Murray",2619,"LOGAN","AV","",532071805,6215,"WARNIMONT","AVE",53220,"Driver's Education Class","Event",2020-04-13 07:45:00,2020-04-13 08:35:00,NA,2020-04-13 15:35:00
"14",5.18,"Thomas","Grant",3025,"55TH","ST","",532101564,517,"WISCONSIN","AVE",53202,"Milwaukee Federal Building","Job",NA,2020-04-13 07:30:00,NA,2020-04-13 14:00:00
"15",20.9,"Trevor","Hughes",8183,"107TH","ST","B",532242573,2520,"NATIONAL","AVE",53204,"McDonald's","Job",NA,2020-04-13 08:40:00,NA,2020-04-13 17:10:00
"16",19.1,"Stephen","McLean",3356,"11TH","ST","",532060000,6215,"WARNIMONT","AVE",53220,"Driver's Education Class","Event",NA,NA,2020-04-13 16:15:00,2020-04-13 16:20:00
"17",19.15,"Brian","Vaughan",8616,"CONGRESS","ST","4",532255117,6215,"WARNIMONT","AVE",53220,"Driver's Education Class","Event",NA,2020-04-13 08:55:00,NA,2020-04-13 16:40:00
"18",3.4,"John","Walsh",9341,"SILVER SPRING","DR","",532250000,4965,"20TH","ST",53221,"Ronal Reagan High School","School",NA,2020-04-13 10:40:00,NA,2020-04-13 13:10:00
"19",10.1,"Zoe","Hardacre",3609,"TUCKER","PL","105",532222709,3401,"WISCONSIN","AVE",53208,"Marquette University High School","School",2020-04-13 07:45:00,2020-04-13 07:45:00,NA,2020-04-13 12:30:00
"20",11.13,"Michael","Ogden",4042,"86TH","ST","",532221702,1532,"WELLS","ST",53233,"Jimmy Johns","Job",NA,NA,2020-04-13 13:00:00,2020-04-13 13:45:00
"21",18.3,"Jennifer","Oliver",3201,"FRATNEY","ST","",532120000,5130,"53RD","ST",53218,"Hampton Fieldhouse","Sport",NA,NA,2020-04-13 16:45:00,NA
"22",20.12,"Joanne","Howard",1809,"3RD","ST","",532044014,2520,"NATIONAL","AVE",53204,"McDonald's","Job",NA,2020-04-13 07:35:00,NA,NA
"23",20.18,"Rachel","Davidson",5253,"LOVERS LANE","RD","306",532253001,2520,"NATIONAL","AVE",53204,"McDonald's","Job",2020-04-13 08:00:00,2020-04-13 08:10:00,NA,NA
"24",18.16,"Felicity","Bailey",3026,"MITCHELL","ST","",532152119,5130,"53RD","ST",53218,"Hampton Fieldhouse","Sport",NA,2020-04-13 10:00:00,NA,2020-04-13 12:45:00
"25",2.1,"Justin","Butler",2904,"WISCONSIN","AV","",532080000,8400,"BURLEIGH","ST",53222,"Milwaukee School of Languages","School",NA,2020-04-13 07:40:00,NA,2020-04-13 14:55:00
"26",10.12,"Rose","Black",4436,"92ND","ST","3",532254804,3401,"WISCONSIN","AVE",53208,"Marquette University High School","School",NA,2020-04-13 08:45:00,NA,2020-04-13 16:30:00
"27",8.5,"Ryan","Mackay",5909,"41ST","ST","",532093930,6000,"RYAN","RD",53132,"Milwaukee County Sports Complex","Sport",NA,2020-04-13 07:45:00,NA,2020-04-13 16:00:00
"28",17.17,"Benjamin","Hardacre",4848,"14TH","ST","1",532212827,9050,"SWAN","RD",53224,"Northwest YMCA","Sport",NA,2020-04-13 08:00:00,NA,NA
"29",9.6,"Faith","Tucker",1420,"WARNIMONT","AV","21",532073517,1818,"CANAL","ST",53233,"Marquette University Valley Fields","Sport",NA,NA,NA,2020-04-13 14:15:00
"30",16.1,"Megan","Lambert",7300,"DEAN","RD","269",532232604,400,"KILBOURN","AVE",53203,"UW-Milwaukee Panther Arena","Event",2020-04-13 09:45:00,2020-04-13 10:40:00,NA,2020-04-13 13:25:00
"31",14.12,"Sarah","Rutherford",2219,"55TH","ST","",532081017,1641,"MILLER PARK","WAY",53214,"Culver's","Job",2020-04-13 07:30:00,2020-04-13 08:20:00,NA,NA
"32",15.19,"Lucas","Metcalfe",3730,"KAUL","AV","",532093641,1111,"VEL R PHILLIPS","AVE",53203,"Fiserv Forum","Event",2020-04-13 09:15:00,2020-04-13 10:00:00,2020-04-13 15:30:00,2020-04-13 16:15:00
"33",8.2,"Dan","Blake",826,"OTJEN","ST","",532071808,6000,"RYAN","RD",53132,"Milwaukee County Sports Complex","Sport",2020-04-13 08:45:00,NA,NA,2020-04-13 15:00:00
"34",13.11,"Paul","Buckland",3171,"HERMAN","ST","",532072849,2419,"KENWOOD","BLVD",53211,"Helene Zelazo Center for the Performing Arts","Band Rehearsal",NA,2020-04-13 08:40:00,NA,NA
"35",1.1,"Leah","Stewart",3738,"42ND","ST","",532163047,1801,"OLIVE","ST",53209,"Rufus King High School","School",2020-04-13 08:00:00,2020-04-13 08:55:00,NA,2020-04-13 17:25:00
"36",16.4,"Brian","Hudson",3122,"PALMER","ST","",532122050,400,"KILBOURN","AVE",53203,"UW-Milwaukee Panther Arena","Event",NA,2020-04-13 08:10:00,NA,2020-04-13 15:25:00
"37",1.2,"Benjamin","Murray",3737,"55TH","ST","",532162837,1801,"OLIVE","ST",53209,"Rufus King High School","School",2020-04-13 07:00:00,2020-04-13 07:15:00,NA,NA
"38",4.15,"Dylan","Kerr",9908,"BELOIT","RD","",532274237,4601,"84TH","ST",53225,"Hmong American Peace Academy","School",2020-04-13 08:15:00,NA,NA,2020-04-13 16:00:00
"39",17.8,"Harry","Hardacre",1728,"40TH","ST","",532081822,9050,"SWAN","RD",53224,"Northwest YMCA","Sport",2020-04-13 09:15:00,NA,NA,2020-04-13 15:40:00
"40",12,"Peter","Abraham",728,"24TH","ST","",532041001,2907,"OAKLAND","AVE",53211,"Blaze Pizza","Job",NA,2020-04-13 07:30:00,NA,NA
"41",7.16,"Virginia","Bell",3133,"25TH","ST","",532154416,5225,"LINCOLN CREEK","DR",53218,"Congress School","School",NA,2020-04-13 09:10:00,NA,2020-04-13 16:10:00
"42",8.16,"Irene","Martin",4240,"68TH","ST","",532161117,6000,"RYAN","RD",53132,"Milwaukee County Sports Complex","Sport",NA,2020-04-13 08:35:00,2020-04-13 15:15:00,2020-04-13 15:20:00
"43",1.13,"Molly","Jones",2536,"CRAMER","ST","",532113904,1801,"OLIVE","ST",53209,"Rufus King High School","School",2020-04-13 08:15:00,NA,NA,2020-04-13 15:00:00
"44",18.7,"Una","Walsh",4240,"75TH","ST","",532161002,5130,"53RD","ST",53218,"Hampton Fieldhouse","Sport",NA,NA,NA,2020-04-13 16:10:00
"45",8.13,"Jack","Kelly",411,"31ST","ST","",532084236,6000,"RYAN","RD",53132,"Milwaukee County Sports Complex","Sport",NA,2020-04-13 08:45:00,NA,2020-04-13 16:45:00
"46",17.19,"Steven","Gray",1363,"40TH","ST","24",532082858,9050,"SWAN","RD",53224,"Northwest YMCA","Sport",NA,2020-04-13 09:10:00,NA,NA
"47",16.14,"Warren","Bell",6220,"107TH","ST","",532251303,400,"KILBOURN","AVE",53203,"UW-Milwaukee Panther Arena","Event",NA,2020-04-13 08:20:00,2020-04-13 14:30:00,2020-04-13 15:20:00
"48",12.5,"Connor","North",2470,"15TH","ST","",532153133,2907,"OAKLAND","AVE",53211,"Blaze Pizza","Job",2020-04-13 07:00:00,NA,NA,2020-04-13 16:45:00
"49",18.1,"Audrey","Johnston",903,"KILBOURN","AV","63",532023421,5130,"53RD","ST",53218,"Hampton Fieldhouse","Sport",2020-04-13 08:45:00,2020-04-13 09:40:00,NA,2020-04-13 14:40:00
"50",11.17,"Austin","Reid",6808,"PARK MANOR","DR","",532244636,1532,"WELLS","ST",53233,"Jimmy Johns","Job",2020-04-13 08:15:00,2020-04-13 08:50:00,NA,2020-04-13 13:05:00
"51",6.16,"Rose","Campbell",9900,"BELOIT","RD","",532274237,2751,"LENOX","ST",53207,"Bay View High School","School",2020-04-13 07:00:00,NA,NA,2020-04-13 12:30:00
"52",7.1,"Maria","Knox",1246,"VAN BUREN","ST","",532022607,5225,"LINCOLN CREEK","DR",53218,"Congress School","School",NA,2020-04-13 09:50:00,NA,2020-04-13 12:05:00
"53",7.18,"Jessica","Roberts",3951,"10TH","ST","",532063320,5225,"LINCOLN CREEK","DR",53218,"Congress School","School",2020-04-13 09:15:00,2020-04-13 09:50:00,NA,2020-04-13 14:05:00
"54",19.9,"Alison","Piper",3137,"SHERMAN","BL","",532163544,6215,"WARNIMONT","AVE",53220,"Driver's Education Class","Event",NA,2020-04-13 09:20:00,NA,2020-04-13 16:05:00
"55",18.17,"Audrey","Anderson",1017,"37TH","ST","",532082815,5130,"53RD","ST",53218,"Hampton Fieldhouse","Sport",2020-04-13 09:00:00,2020-04-13 09:50:00,NA,2020-04-13 13:05:00
"56",13.18,"Jonathan","Stewart",2725,"HIGHLAND","BL","308",532083277,2419,"KENWOOD","BLVD",53211,"Helene Zelazo Center for the Performing Arts","Band Rehearsal",2020-04-13 09:15:00,2020-04-13 09:50:00,NA,2020-04-13 12:35:00
"57",12.12,"Kylie","Bailey",8610,"MELVINA","ST","F",532222848,2907,"OAKLAND","AVE",53211,"Blaze Pizza","Job",2020-04-13 09:45:00,NA,2020-04-13 12:45:00,2020-04-13 12:50:00
"58",3.18,"Thomas","McDonald",1236,"14TH","ST","",532052519,4965,"20TH","ST",53221,"Ronal Reagan High School","School",NA,2020-04-13 08:00:00,NA,NA
"59",5.9,"Benjamin","Jones",2768,"23RD","ST","",532061609,517,"WISCONSIN","AVE",53202,"Milwaukee Federal Building","Job",NA,2020-04-13 10:35:00,2020-04-13 13:30:00,NA
"60",9.15,"Emma","Bell",10313,"FOND DU LAC","AV","",532245503,1818,"CANAL","ST",53233,"Marquette University Valley Fields","Sport",2020-04-13 08:15:00,2020-04-13 08:25:00,NA,2020-04-13 16:10:00
"61",12.9,"Jennifer","Johnston",2517,"CENTER","ST","",532061154,2907,"OAKLAND","AVE",53211,"Blaze Pizza","Job",2020-04-13 10:00:00,NA,NA,2020-04-13 17:00:00
"62",17.13,"Richard","Knox",3700,"5TH","ST","",532124120,9050,"SWAN","RD",53224,"Northwest YMCA","Sport",2020-04-13 10:00:00,NA,NA,2020-04-13 13:45:00
"63",13.16,"Molly","Jackson",5227,"TEUTONIA","AV","",532094818,2419,"KENWOOD","BLVD",53211,"Helene Zelazo Center for the Performing Arts","Band Rehearsal",2020-04-13 08:45:00,2020-04-13 09:20:00,NA,2020-04-13 17:20:00
"64",10.1,"Jan","Mathis",825,"22ND","ST","211",532331608,3401,"WISCONSIN","AVE",53208,"Marquette University High School","School",NA,2020-04-13 08:25:00,NA,2020-04-13 16:25:00
"65",15.5,"Olivia","Wallace",2566,"FREDERICK","AV","",532114025,1111,"VEL R PHILLIPS","AVE",53203,"Fiserv Forum","Event",NA,2020-04-13 10:00:00,2020-04-13 13:15:00,NA
"66",4.3,"Jan","Morgan",2567,"52ND","ST","",532102730,4601,"84TH","ST",53225,"Hmong American Peace Academy","School",2020-04-13 09:45:00,2020-04-13 10:20:00,NA,2020-04-13 15:50:00
"67",5.1,"William","Parr",2443,"CRAMER","ST","24",532114314,517,"WISCONSIN","AVE",53202,"Milwaukee Federal Building","Job",2020-04-13 08:00:00,NA,NA,NA
"68",20.1,"Blake","Duncan",1075,"46TH","ST","",532083121,2520,"NATIONAL","AVE",53204,"McDonald's","Job",2020-04-13 07:00:00,2020-04-13 07:40:00,NA,2020-04-13 16:40:00
"69",12.1,"Benjamin","Walsh",4920,"74TH","ST","",532183821,2907,"OAKLAND","AVE",53211,"Blaze Pizza","Job",NA,2020-04-13 07:15:00,NA,2020-04-13 13:00:00
"70",4.19,"James","Wallace",2561,"15TH","ST","",532062002,4601,"84TH","ST",53225,"Hmong American Peace Academy","School",2020-04-13 09:00:00,NA,NA,2020-04-13 14:35:00
"71",1.14,"Jasmine","Cameron",5406,"24TH","ST","",532213710,1801,"OLIVE","ST",53209,"Rufus King High School","School",NA,2020-04-13 08:50:00,NA,2020-04-13 17:05:00
"72",3.6,"Sebastian","May",2119,"CLARKE","ST","",532061517,4965,"20TH","ST",53221,"Ronal Reagan High School","School",NA,2020-04-13 07:40:00,NA,2020-04-13 17:25:00
"73",4.1,"James","Payne",2620,"LENOX","ST","",532072131,4601,"84TH","ST",53225,"Hmong American Peace Academy","School",NA,2020-04-13 08:30:00,2020-04-13 16:15:00,2020-04-13 16:15:00
"74",18.18,"Steven","Walsh",3677,"82ND","ST","",532201025,5130,"53RD","ST",53218,"Hampton Fieldhouse","Sport",2020-04-13 09:45:00,NA,NA,2020-04-13 15:40:00
"75",4.4,"Katherine","Payne",3011,"MC KINLEY","BL","2",532082933,4601,"84TH","ST",53225,"Hmong American Peace Academy","School",2020-04-13 07:30:00,2020-04-13 07:30:00,2020-04-13 13:00:00,2020-04-13 13:00:00
"76",12.13,"Una","Cameron",3006,"HIGHLAND","BL","102",532083246,2907,"OAKLAND","AVE",53211,"Blaze Pizza","Job",2020-04-13 07:00:00,2020-04-13 07:15:00,2020-04-13 14:45:00,2020-04-13 15:00:00
"77",19.3,"Anne","Grant",8746,"CARMEN","AV","1",532252849,6215,"WARNIMONT","AVE",53220,"Driver's Education Class","Event",NA,NA,2020-04-13 14:00:00,2020-04-13 14:15:00
"78",18.8,"Peter","Reid",8719,"BRENTWOOD","AV","",532245305,5130,"53RD","ST",53218,"Hampton Fieldhouse","Sport",NA,2020-04-13 10:00:00,2020-04-13 12:45:00,2020-04-13 13:45:00
"79",9.5,"Justin","Gray",4413,"CAPITOL","DR","",532161540,1818,"CANAL","ST",53233,"Marquette University Valley Fields","Sport",NA,NA,2020-04-13 16:00:00,2020-04-13 16:40:00
"80",1,"Angela","Gray",2909,"15TH","PL","",532153718,1801,"OLIVE","ST",53209,"Rufus King High School","School",NA,NA,NA,2020-04-13 15:55:00
"81",10.6,"Dorothy","Vaughan",1633,"35TH","ST","",532080000,3401,"WISCONSIN","AVE",53208,"Marquette University High School","School",2020-04-13 07:30:00,NA,2020-04-13 16:30:00,2020-04-13 17:05:00
"82",3.1,"Yvonne","McDonald",4221,"6TH","ST","E10",532211761,4965,"20TH","ST",53221,"Ronal Reagan High School","School",NA,NA,2020-04-13 13:00:00,2020-04-13 13:15:00
"83",6.14,"Sam","Gibson",4431,"49TH","ST","",532185702,2751,"LENOX","ST",53207,"Bay View High School","School",NA,NA,NA,2020-04-13 14:00:00
"84",11.4,"Sally","Fraser",2122,"38TH","ST","",532081329,1532,"WELLS","ST",53233,"Jimmy Johns","Job",NA,NA,NA,2020-04-13 14:00:00
"85",13.5,"Rachel","Dowd",7515,"81ST","ST","",532230000,2419,"KENWOOD","BLVD",53211,"Helene Zelazo Center for the Performing Arts","Band Rehearsal",2020-04-13 10:00:00,2020-04-13 10:15:00,NA,NA
"86",9.17,"Lily","Butler",1237,"MADISON","ST","",532042220,1818,"CANAL","ST",53233,"Marquette University Valley Fields","Sport",2020-04-13 07:30:00,NA,NA,2020-04-13 12:40:00
"87",4.13,"Alexander","Randall",2917,"57TH","ST","",532101536,4601,"84TH","ST",53225,"Hmong American Peace Academy","School",2020-04-13 10:00:00,2020-04-13 10:15:00,NA,2020-04-13 13:30:00
"88",2.8,"Harry","Dowd",2246,"EDGERTON","AV","",532213531,8400,"BURLEIGH","ST",53222,"Milwaukee School of Languages","School",2020-04-13 07:00:00,NA,2020-04-13 12:15:00,2020-04-13 13:10:00
"89",2.6,"Adam","Thomson",2978,"60TH","ST","",532101401,8400,"BURLEIGH","ST",53222,"Milwaukee School of Languages","School",2020-04-13 09:45:00,2020-04-13 10:35:00,NA,2020-04-13 13:05:00
"90",5.14,"Bernadette","Reid",3418,"53RD","ST","",532163258,517,"WISCONSIN","AVE",53202,"Milwaukee Federal Building","Job",NA,NA,2020-04-13 16:45:00,2020-04-13 17:40:00
"91",11.6,"Paul","Newman",2546,"BRISBANE","AV","",532071502,1532,"WELLS","ST",53233,"Jimmy Johns","Job",2020-04-13 07:00:00,2020-04-13 07:35:00,NA,2020-04-13 14:50:00
"92",17,"Leah","Springer",623,"BURLEIGH","ST","",532122120,9050,"SWAN","RD",53224,"Northwest YMCA","Sport",2020-04-13 08:45:00,2020-04-13 09:10:00,NA,2020-04-13 16:40:00
"93",17.5,"Dylan","Roberts",3243,"13TH","ST","",532062766,9050,"SWAN","RD",53224,"Northwest YMCA","Sport",NA,2020-04-13 10:25:00,NA,2020-04-13 13:10:00
"94",15.6,"Isaac","Hudson",4638,"30TH","ST","",532096016,1111,"VEL R PHILLIPS","AVE",53203,"Fiserv Forum","Event",NA,2020-04-13 07:00:00,NA,NA
"95",15.3,"Fiona","MacDonald",6221,"BIRCH","AV","",532183135,1111,"VEL R PHILLIPS","AVE",53203,"Fiserv Forum","Event",2020-04-13 08:45:00,NA,NA,NA
"96",12.3,"Isaac","Dickens",3105,"GRANT","ST","",532152448,2907,"OAKLAND","AVE",53211,"Blaze Pizza","Job",NA,NA,NA,2020-04-13 16:50:00
"97",6.1,"Deirdre","Terry",8315,"OKLAHOMA","AV","4",532193531,2751,"LENOX","ST",53207,"Bay View High School","School",2020-04-13 09:00:00,2020-04-13 09:20:00,NA,2020-04-13 17:20:00
"98",17.6,"Christopher","Scott",1931,"KENWOOD","BL","",532113007,9050,"SWAN","RD",53224,"Northwest YMCA","Sport",2020-04-13 07:00:00,2020-04-13 07:55:00,2020-04-13 15:30:00,NA
"99",12.4,"Carolyn","White",8243,"ACACIA","ST","",532235525,2907,"OAKLAND","AVE",53211,"Blaze Pizza","Job",NA,2020-04-13 09:40:00,2020-04-13 14:15:00,NA
"100",16.19,"Chloe","Kelly",231,"80TH","ST","",532141420,400,"KILBOURN","AVE",53203,"UW-Milwaukee Panther Arena","Event",2020-04-13 07:30:00,NA,NA,2020-04-13 14:00:00
"101",10.7,"Joan","Thomson",7074,"BECKETT","AV","",532162048,3401,"WISCONSIN","AVE",53208,"Marquette University High School","School",NA,NA,NA,2020-04-13 15:55:00
"102",16.7,"Nicholas","Mackay",1224,"45TH","ST","",532082735,400,"KILBOURN","AVE",53203,"UW-Milwaukee Panther Arena","Event",NA,2020-04-13 10:00:00,NA,2020-04-13 14:15:00
"103",15.18,"Ryan","Fisher",3172,"40TH","ST","",532163611,1111,"VEL R PHILLIPS","AVE",53203,"Fiserv Forum","Event",2020-04-13 07:45:00,2020-04-13 07:55:00,NA,2020-04-13 15:10:00
"104",6.15,"Sonia","Edmunds",2458,"9TH","ST","",532153210,2751,"LENOX","ST",53207,"Bay View High School","School",2020-04-13 09:15:00,2020-04-13 09:45:00,NA,NA
"105",14.18,"Piers","Ross",2059,"36TH","ST","",532152001,1641,"MILLER PARK","WAY",53214,"Culver's","Job",NA,NA,NA,2020-04-13 15:45:00
"106",16.5,"Peter","Hamilton",3747,"63RD","ST","",532162136,400,"KILBOURN","AVE",53203,"UW-Milwaukee Panther Arena","Event",2020-04-13 09:15:00,NA,NA,2020-04-13 13:40:00
"107",18.1,"Paul","Underwood",311,"LOCUST","ST","",532122344,5130,"53RD","ST",53218,"Hampton Fieldhouse","Sport",2020-04-13 07:45:00,2020-04-13 08:45:00,NA,2020-04-13 16:15:00
"108",11.14,"Harry","Ellison",327,"DOVER","ST","",532072003,1532,"WELLS","ST",53233,"Jimmy Johns","Job",NA,2020-04-13 09:40:00,NA,2020-04-13 12:25:00
"109",16.2,"Ava","Rutherford",2818,"50TH","ST","",532101653,400,"KILBOURN","AVE",53203,"UW-Milwaukee Panther Arena","Event",NA,NA,NA,2020-04-13 17:35:00
"110",16.8,"Lisa","North",138,"PLEASANT","ST","",532120000,400,"KILBOURN","AVE",53203,"UW-Milwaukee Panther Arena","Event",NA,2020-04-13 08:45:00,NA,NA
"111",9.16,"Cameron","Watson",3023,"DOWNER","AV","",532113337,1818,"CANAL","ST",53233,"Marquette University Valley Fields","Sport",NA,NA,NA,2020-04-13 13:30:00
"112",13.1,"Piers","Reid",6508,"CARMEN","AV","",532182313,2419,"KENWOOD","BLVD",53211,"Helene Zelazo Center for the Performing Arts","Band Rehearsal",2020-04-13 09:30:00,NA,2020-04-13 16:45:00,2020-04-13 16:45:00
"113",11.16,"Edward","McLean",5232,"34TH","ST","",532094702,1532,"WELLS","ST",53233,"Jimmy Johns","Job",NA,2020-04-13 09:00:00,NA,2020-04-13 12:30:00
"114",7.9,"Ruth","Rutherford",5040,"49TH","ST","",532180000,5225,"LINCOLN CREEK","DR",53218,"Congress School","School",NA,NA,2020-04-13 12:30:00,2020-04-13 12:35:00
"115",18.15,"Brian","Berry",2970,"44TH","ST","",532193406,5130,"53RD","ST",53218,"Hampton Fieldhouse","Sport",NA,NA,NA,2020-04-13 15:30:00
"116",17.15,"Alexandra","Scott",1421,"WRIGHT","ST","",532060000,9050,"SWAN","RD",53224,"Northwest YMCA","Sport",NA,2020-04-13 09:30:00,NA,2020-04-13 16:00:00
"117",20.13,"Justin","McLean",3934,"36TH","ST","",532162509,2520,"NATIONAL","AVE",53204,"McDonald's","Job",NA,2020-04-13 08:10:00,NA,2020-04-13 15:55:00
"118",6,"Emily","Metcalfe",3223,"BUFFUM","ST","",532122151,2751,"LENOX","ST",53207,"Bay View High School","School",2020-04-13 09:15:00,NA,2020-04-13 15:45:00,2020-04-13 16:45:00
"119",9.12,"Warren","Edmunds",2485,"7TH","ST","",532153226,1818,"CANAL","ST",53233,"Marquette University Valley Fields","Sport",NA,2020-04-13 08:25:00,NA,2020-04-13 16:10:00
"120",19.19,"Edward","Gill",4118,"83RD","ST","",532221806,6215,"WARNIMONT","AVE",53220,"Driver's Education Class","Event",2020-04-13 08:00:00,NA,NA,NA
"121",5.19,"Matt","Reid",4025,"60TH","ST","2",532161246,517,"WISCONSIN","AVE",53202,"Milwaukee Federal Building","Job",2020-04-13 08:00:00,2020-04-13 08:25:00,2020-04-13 15:45:00,2020-04-13 16:10:00
"122",16.17,"Andrew","Clark",2230,"LAYTON","AV","221",532212791,400,"KILBOURN","AVE",53203,"UW-Milwaukee Panther Arena","Event",2020-04-13 09:45:00,2020-04-13 10:35:00,NA,2020-04-13 14:35:00
"123",8.19,"Phil","Langdon",4208,"FAIRMOUNT","AV","",532090000,6000,"RYAN","RD",53132,"Milwaukee County Sports Complex","Sport",NA,2020-04-13 07:55:00,NA,2020-04-13 14:55:00
"124",9.3,"Nicholas","Lambert",1444,"WALNUT","ST","",532051635,1818,"CANAL","ST",53233,"Marquette University Valley Fields","Sport",2020-04-13 09:15:00,2020-04-13 09:50:00,NA,2020-04-13 15:35:00
"125",10.18,"Amelia","McGrath",3151,"PALMER","ST","",532122049,3401,"WISCONSIN","AVE",53208,"Marquette University High School","School",2020-04-13 07:30:00,2020-04-13 08:30:00,2020-04-13 14:00:00,2020-04-13 15:00:00
"126",6.8,"Joshua","Dickens",3155,"77TH","ST","326",532193708,2751,"LENOX","ST",53207,"Bay View High School","School",2020-04-13 07:15:00,NA,2020-04-13 13:15:00,2020-04-13 13:40:00
"127",19.6,"Elizabeth","Underwood",4660,"40TH","ST","",532095810,6215,"WARNIMONT","AVE",53220,"Driver's Education Class","Event",2020-04-13 08:30:00,NA,NA,2020-04-13 14:15:00
"128",14.2,"Tracey","Reid",2238,"MOUND","ST","",532071334,1641,"MILLER PARK","WAY",53214,"Culver's","Job",2020-04-13 08:45:00,2020-04-13 08:45:00,NA,2020-04-13 14:45:00
"129",17.14,"Jessica","Young",1922,"PALMER","ST","3",532123720,9050,"SWAN","RD",53224,"Northwest YMCA","Sport",2020-04-13 09:45:00,2020-04-13 10:20:00,NA,2020-04-13 13:20:00
"130",10.16,"Molly","Dickens",2238,"FARWELL","AV","",532021117,3401,"WISCONSIN","AVE",53208,"Marquette University High School","School",2020-04-13 07:15:00,2020-04-13 08:05:00,NA,2020-04-13 13:50:00
"131",13.3,"Blake","Buckland",2439,"SCOTT","ST","",532041932,2419,"KENWOOD","BLVD",53211,"Helene Zelazo Center for the Performing Arts","Band Rehearsal",2020-04-13 09:45:00,2020-04-13 10:40:00,2020-04-13 14:45:00,2020-04-13 15:40:00
"132",9.2,"Diane","Quinn",2365,"1ST","ST","3",532123223,1818,"CANAL","ST",53233,"Marquette University Valley Fields","Sport",NA,2020-04-13 09:30:00,2020-04-13 13:30:00,2020-04-13 13:30:00
"133",9.9,"Joanne","Baker",3501,"FOREST HOME","AV","",532150000,1818,"CANAL","ST",53233,"Marquette University Valley Fields","Sport",NA,2020-04-13 09:00:00,2020-04-13 15:00:00,2020-04-13 15:15:00
"134",13.1,"Bella","Bond",1626,"PROSPECT","AV","503",532022417,2419,"KENWOOD","BLVD",53211,"Helene Zelazo Center for the Performing Arts","Band Rehearsal",NA,NA,2020-04-13 12:00:00,NA
"135",12.6,"Trevor","Martin",1821,"KENWOOD","BL","",532113006,2907,"OAKLAND","AVE",53211,"Blaze Pizza","Job",2020-04-13 08:00:00,NA,NA,2020-04-13 15:25:00
"136",15.4,"Amelia","Fisher",3136,"48TH","ST","",532163342,1111,"VEL R PHILLIPS","AVE",53203,"Fiserv Forum","Event",NA,2020-04-13 07:20:00,2020-04-13 14:30:00,2020-04-13 14:50:00
"137",15.7,"Melanie","Lambert",923,"18TH","ST","3",532041128,1111,"VEL R PHILLIPS","AVE",53203,"Fiserv Forum","Event",NA,2020-04-13 08:20:00,NA,2020-04-13 15:05:00
"138",2.9,"Lisa","Buckland",1339,"MC KINLEY","AV","",532052536,8400,"BURLEIGH","ST",53222,"Milwaukee School of Languages","School",NA,2020-04-13 07:55:00,NA,2020-04-13 17:40:00
"139",11,"Eric","King",10213,"FOND DU LAC","AV","127",532245171,1532,"WELLS","ST",53233,"Jimmy Johns","Job",2020-04-13 07:30:00,2020-04-13 07:50:00,NA,2020-04-13 17:20:00
"140",14.8,"Brian","Young",3375,"98TH","ST","",532274213,1641,"MILLER PARK","WAY",53214,"Culver's","Job",2020-04-13 07:15:00,2020-04-13 08:10:00,NA,2020-04-13 14:10:00
"141",2.18,"Neil","Martin",2540,"46TH","ST","",532102920,8400,"BURLEIGH","ST",53222,"Milwaukee School of Languages","School",2020-04-13 09:30:00,2020-04-13 09:55:00,2020-04-13 16:30:00,2020-04-13 16:55:00
"142",2,"Kylie","Vance",1348,"44TH","ST","31",532082732,8400,"BURLEIGH","ST",53222,"Milwaukee School of Languages","School",NA,2020-04-13 07:55:00,2020-04-13 13:15:00,2020-04-13 14:10:00
"143",6.19,"Dominic","Slater",2647,"9TH","PL","",532153427,2751,"LENOX","ST",53207,"Bay View High School","School",NA,2020-04-13 10:30:00,NA,2020-04-13 17:15:00
"144",14.1,"Michael","Ferguson",1824,"22ND","ST","",532050000,1641,"MILLER PARK","WAY",53214,"Culver's","Job",NA,2020-04-13 10:45:00,NA,2020-04-13 15:45:00
"145",19.8,"Victoria","Jones",2616,"FREDERICK","AV","108",532113602,6215,"WARNIMONT","AVE",53220,"Driver's Education Class","Event",2020-04-13 08:00:00,NA,NA,2020-04-13 17:05:00
"146",11.8,"Benjamin","Watson",5767,"42ND","ST","",532093960,1532,"WELLS","ST",53233,"Jimmy Johns","Job",2020-04-13 10:00:00,NA,NA,2020-04-13 16:30:00
"147",3.3,"Michael","Taylor",8955,"70TH","ST","",532232151,4965,"20TH","ST",53221,"Ronal Reagan High School","School",NA,NA,2020-04-13 14:00:00,2020-04-13 14:05:00
"148",12.19,"Boris","Scott",1619,"30TH","ST","",532151942,2907,"OAKLAND","AVE",53211,"Blaze Pizza","Job",2020-04-13 07:00:00,NA,2020-04-13 14:30:00,2020-04-13 15:20:00
"149",16.13,"Andrea","Jones",1913,"52ND","ST","",532081753,400,"KILBOURN","AVE",53203,"UW-Milwaukee Panther Arena","Event",2020-04-13 08:30:00,NA,2020-04-13 14:00:00,2020-04-13 14:05:00
"150",2.17,"Dan","Avery",2423,"FRATNEY","ST","",532122932,8400,"BURLEIGH","ST",53222,"Milwaukee School of Languages","School",2020-04-13 09:15:00,2020-04-13 09:25:00,NA,NA
"151",9.19,"Jacob","Graham",2101,"ST PAUL","AV","",532332560,1818,"CANAL","ST",53233,"Marquette University Valley Fields","Sport",2020-04-13 07:15:00,2020-04-13 07:40:00,NA,2020-04-13 13:10:00
"152",5,"Luke","Grant",2729,"RICHARDS","ST","",532120000,517,"WISCONSIN","AVE",53202,"Milwaukee Federal Building","Job",2020-04-13 09:45:00,2020-04-13 10:30:00,NA,2020-04-13 16:30:00
"153",10.13,"Carolyn","Rampling",5425,"FOREST HOME","AV","1",532201412,3401,"WISCONSIN","AVE",53208,"Marquette University High School","School",NA,2020-04-13 10:15:00,2020-04-13 12:45:00,2020-04-13 13:30:00
"154",5.17,"Dan","Dowd",7611,"WABASH","CT","3",532232538,517,"WISCONSIN","AVE",53202,"Milwaukee Federal Building","Job",NA,NA,2020-04-13 12:00:00,2020-04-13 12:00:00
"155",19.11,"Boris","Gibson",7713,"SHERIDAN","AV","A",532182638,6215,"WARNIMONT","AVE",53220,"Driver's Education Class","Event",2020-04-13 09:30:00,2020-04-13 10:05:00,NA,2020-04-13 16:05:00
"156",17.16,"Leah","McDonald",3846,"52ND","ST","",532162308,9050,"SWAN","RD",53224,"Northwest YMCA","Sport",NA,NA,NA,2020-04-13 16:00:00
"157",3.5,"Yvonne","Jackson",10524,"VILLARD","AV","",532253939,4965,"20TH","ST",53221,"Ronal Reagan High School","School",2020-04-13 09:15:00,NA,NA,2020-04-13 16:30:00
"158",1.7,"Edward","Turner",1824,"THOMAS","AV","",532114358,1801,"OLIVE","ST",53209,"Rufus King High School","School",2020-04-13 08:45:00,2020-04-13 08:55:00,NA,2020-04-13 14:40:00
"159",2.12,"Wanda","MacDonald",1953,"20TH","ST","",532051554,8400,"BURLEIGH","ST",53222,"Milwaukee School of Languages","School",2020-04-13 08:45:00,2020-04-13 09:45:00,2020-04-13 15:00:00,2020-04-13 16:00:00
"160",14.16,"David","Langdon",2039,"15TH","PL","",532043704,1641,"MILLER PARK","WAY",53214,"Culver's","Job",NA,NA,NA,2020-04-13 13:05:00
"161",16.1,"Carl","Hodges",1626,"PROSPECT","AV","808",532022422,400,"KILBOURN","AVE",53203,"UW-Milwaukee Panther Arena","Event",2020-04-13 10:00:00,NA,2020-04-13 14:00:00,2020-04-13 14:45:00
"162",7.11,"Jason","Ferguson",2579,"TERRACE","AV","",532113821,5225,"LINCOLN CREEK","DR",53218,"Congress School","School",NA,2020-04-13 09:10:00,2020-04-13 14:45:00,2020-04-13 14:55:00
"163",8.3,"Owen","Jones",1958,"24TH","ST","",532043613,6000,"RYAN","RD",53132,"Milwaukee County Sports Complex","Sport",NA,2020-04-13 09:05:00,2020-04-13 17:00:00,2020-04-13 17:35:00
"164",20.4,"Blake","Stewart",3739,"40TH","ST","",532163026,2520,"NATIONAL","AVE",53204,"McDonald's","Job",2020-04-13 08:30:00,NA,2020-04-13 13:30:00,2020-04-13 14:15:00
"165",7.6,"Evan","Alsop",1925,"49TH","ST","",532081735,5225,"LINCOLN CREEK","DR",53218,"Congress School","School",2020-04-13 07:45:00,NA,NA,2020-04-13 16:15:00
"166",3.2,"Sebastian","Oliver",4941,"57TH","ST","",532184241,4965,"20TH","ST",53221,"Ronal Reagan High School","School",2020-04-13 09:30:00,2020-04-13 09:45:00,NA,2020-04-13 13:15:00
"167",6.5,"Emma","Simpson",7841,"VAN BECK","AV","",532202227,2751,"LENOX","ST",53207,"Bay View High School","School",2020-04-13 08:30:00,2020-04-13 08:30:00,NA,2020-04-13 17:00:00
"168",14.13,"Sonia","Short",2257,"SUMMIT","AV","",532021245,1641,"MILLER PARK","WAY",53214,"Culver's","Job",NA,2020-04-13 09:05:00,NA,2020-04-13 15:20:00
"169",16.11,"Robert","Robertson",4719,"48TH","ST","",532185122,400,"KILBOURN","AVE",53203,"UW-Milwaukee Panther Arena","Event",2020-04-13 07:45:00,2020-04-13 08:20:00,NA,2020-04-13 17:20:00
"170",12.14,"Alan","Ross",7342,"BECKETT","AV","",532161010,2907,"OAKLAND","AVE",53211,"Blaze Pizza","Job",2020-04-13 07:15:00,NA,NA,NA
"171",9.7,"Chloe","Morrison",2503,"4TH","ST","",532122713,1818,"CANAL","ST",53233,"Marquette University Valley Fields","Sport",2020-04-13 07:45:00,2020-04-13 08:10:00,2020-04-13 16:00:00,2020-04-13 16:25:00
"172",19.1,"Anthony","Butler",1229,"33RD","ST","",532080000,6215,"WARNIMONT","AVE",53220,"Driver's Education Class","Event",NA,2020-04-13 09:00:00,NA,2020-04-13 15:45:00
"173",12.8,"Alison","Buckland",178,"90TH","ST","",532264510,2907,"OAKLAND","AVE",53211,"Blaze Pizza","Job",NA,2020-04-13 09:20:00,2020-04-13 14:30:00,2020-04-13 14:50:00
"174",6.9,"Melanie","Mathis",2323,"EUCLID","AV","",532072903,2751,"LENOX","ST",53207,"Bay View High School","School",2020-04-13 08:15:00,NA,NA,2020-04-13 15:05:00
"175",5.16,"Gabrielle","Skinner",1104,"VAN BUREN","ST","8",532023220,517,"WISCONSIN","AVE",53202,"Milwaukee Federal Building","Job",2020-04-13 07:30:00,2020-04-13 08:30:00,2020-04-13 16:15:00,2020-04-13 17:15:00
"176",20.3,"Anna","Welch",7901,"GLENBROOK","RD","245",532231027,2520,"NATIONAL","AVE",53204,"McDonald's","Job",NA,NA,2020-04-13 16:30:00,NA
"177",10.4,"Theresa","Miller",6087,"37TH","ST","",532093662,3401,"WISCONSIN","AVE",53208,"Marquette University High School","School",2020-04-13 09:00:00,NA,2020-04-13 15:15:00,2020-04-13 16:10:00
"178",7.12,"Julia","MacDonald",3835,"HUMBOLDT","BL","1",532121311,5225,"LINCOLN CREEK","DR",53218,"Congress School","School",NA,2020-04-13 08:45:00,NA,NA
"179",15.9,"Hannah","Bailey",1107,"SCOTT","ST","",532042228,1111,"VEL R PHILLIPS","AVE",53203,"Fiserv Forum","Event",2020-04-13 09:15:00,2020-04-13 09:20:00,2020-04-13 13:15:00,2020-04-13 13:20:00
"180",14.7,"Wanda","Wright",1510,"MAPLEWOOD","CT","",532214350,1641,"MILLER PARK","WAY",53214,"Culver's","Job",2020-04-13 08:45:00,2020-04-13 09:10:00,NA,2020-04-13 12:25:00
"181",11.1,"Joshua","Hughes",502,"PLAINFIELD","AV","",532075151,1532,"WELLS","ST",53233,"Jimmy Johns","Job",NA,2020-04-13 09:45:00,NA,NA
"182",10.8,"Karen","Langdon",10165,"GRANTOSA","DR","",532221316,3401,"WISCONSIN","AVE",53208,"Marquette University High School","School",2020-04-13 07:45:00,NA,NA,2020-04-13 15:40:00
"183",4.9,"Sarah","Roberts",6683,"80TH","ST","",532235564,4601,"84TH","ST",53225,"Hmong American Peace Academy","School",2020-04-13 08:45:00,NA,NA,2020-04-13 12:20:00
"184",3.16,"Nicholas","Lewis",528,"62ND","ST","",532141852,4965,"20TH","ST",53221,"Ronal Reagan High School","School",NA,2020-04-13 08:25:00,NA,2020-04-13 13:25:00
"185",9,"Gabrielle","Wallace",6740,"19TH","ST","",532215221,1818,"CANAL","ST",53233,"Marquette University Valley Fields","Sport",NA,2020-04-13 08:50:00,NA,2020-04-13 17:35:00
"186",11.15,"Edward","Hunter",2536,"STATE","ST","",532330000,1532,"WELLS","ST",53233,"Jimmy Johns","Job",2020-04-13 08:15:00,NA,NA,2020-04-13 16:25:00
"187",14.1,"Rose","Hunter",4523,"TAYLOR","AV","",532075229,1641,"MILLER PARK","WAY",53214,"Culver's","Job",2020-04-13 09:30:00,NA,NA,2020-04-13 15:00:00
"188",9.8,"Abigail","Terry",3636,"15TH","ST","",532211604,1818,"CANAL","ST",53233,"Marquette University Valley Fields","Sport",2020-04-13 08:15:00,2020-04-13 09:15:00,NA,2020-04-13 17:15:00
"189",16.12,"Dominic","Springer",8035,"CRAWFORD","AV","",532201637,400,"KILBOURN","AVE",53203,"UW-Milwaukee Panther Arena","Event",NA,2020-04-13 08:35:00,NA,2020-04-13 16:35:00
"190",4,"Piers","Knox",8667,"GRANVILLE","RD","",532240000,4601,"84TH","ST",53225,"Hmong American Peace Academy","School",NA,2020-04-13 07:35:00,2020-04-13 14:00:00,2020-04-13 14:20:00
"191",3,"Samantha","Brown",2942,"16TH","ST","",532153723,4965,"20TH","ST",53221,"Ronal Reagan High School","School",2020-04-13 10:00:00,2020-04-13 10:40:00,2020-04-13 17:00:00,2020-04-13 17:40:00
"192",13,"Sarah","Mackenzie",3145,"11TH","ST","",532062748,2419,"KENWOOD","BLVD",53211,"Helene Zelazo Center for the Performing Arts","Band Rehearsal",2020-04-13 08:45:00,2020-04-13 09:25:00,2020-04-13 13:30:00,2020-04-13 14:10:00
"193",12.11,"Alexander","Bower",1003,"NORTH","AV","",532051332,2907,"OAKLAND","AVE",53211,"Blaze Pizza","Job",2020-04-13 09:45:00,2020-04-13 09:50:00,NA,2020-04-13 16:20:00
"194",11.7,"Brian","Jackson",3824,"58TH","ST","",532202055,1532,"WELLS","ST",53233,"Jimmy Johns","Job",2020-04-13 07:30:00,2020-04-13 07:55:00,NA,2020-04-13 14:25:00
"195",20.16,"Alison","Gibson",8065,"107TH","ST","",532242507,2520,"NATIONAL","AVE",53204,"McDonald's","Job",NA,NA,NA,2020-04-13 15:50:00
"196",1.1,"Maria","MacLeod",8850,"POTOMAC","AV","",532254132,1801,"OLIVE","ST",53209,"Rufus King High School","School",NA,NA,NA,2020-04-13 16:20:00
"197",14.14,"Christopher","Hudson",3728,"22ND","ST","",532061839,1641,"MILLER PARK","WAY",53214,"Culver's","Job",NA,2020-04-13 10:10:00,NA,2020-04-13 16:40:00
"198",2.2,"Virginia","Davidson",7916,"HAMPTON","AV","",532184610,8400,"BURLEIGH","ST",53222,"Milwaukee School of Languages","School",2020-04-13 07:45:00,2020-04-13 07:50:00,NA,2020-04-13 14:50:00
"199",8.1,"Grace","Wilkins",2501,"23RD","ST","",532061527,6000,"RYAN","RD",53132,"Milwaukee County Sports Complex","Sport",2020-04-13 09:30:00,NA,2020-04-13 12:15:00,2020-04-13 12:45:00
"200",8.6,"Julian","Coleman",4911,"57TH","ST","",532184241,6000,"RYAN","RD",53132,"Milwaukee County Sports Complex","Sport",2020-04-13 09:30:00,2020-04-13 09:35:00,NA,2020-04-13 16:50:00
"201",18.13,"Virginia","Stewart",2666,"4TH","ST","",532120000,5130,"53RD","ST",53218,"Hampton Fieldhouse","Sport",2020-04-13 07:00:00,2020-04-13 07:35:00,NA,2020-04-13 14:35:00
"202",6.2,"Madeleine","Simpson",3941,"69TH","ST","",532202409,2751,"LENOX","ST",53207,"Bay View High School","School",2020-04-13 08:30:00,NA,NA,NA
"203",11.12,"Grace","Reid",5658,"65TH","ST","",532182326,1532,"WELLS","ST",53233,"Jimmy Johns","Job",NA,2020-04-13 09:45:00,NA,2020-04-13 17:15:00
"204",5.7,"Yvonne","Harris",1020,"35TH","ST","",532151408,517,"WISCONSIN","AVE",53202,"Milwaukee Federal Building","Job",2020-04-13 09:45:00,2020-04-13 09:45:00,NA,NA
"205",13.12,"Frank","Brown",7818,"FIEBRANTZ","AV","",532222021,2419,"KENWOOD","BLVD",53211,"Helene Zelazo Center for the Performing Arts","Band Rehearsal",NA,NA,NA,2020-04-13 17:00:00
"206",5.6,"Amelia","MacDonald",2962,"89TH","ST","",532224606,517,"WISCONSIN","AVE",53202,"Milwaukee Federal Building","Job",NA,NA,2020-04-13 15:45:00,2020-04-13 16:40:00
"207",13.15,"Theresa","Reid",2239,"34TH","ST","",532080000,2419,"KENWOOD","BLVD",53211,"Helene Zelazo Center for the Performing Arts","Band Rehearsal",2020-04-13 10:00:00,2020-04-13 11:00:00,NA,2020-04-13 16:30:00
"208",5.13,"Ian","Campbell",3831,"BIRCHWOOD","AV","",532213931,517,"WISCONSIN","AVE",53202,"Milwaukee Federal Building","Job",NA,NA,2020-04-13 12:30:00,2020-04-13 13:25:00
"209",3.8,"Simon","Churchill",6700,"MARION","ST","",532161142,4965,"20TH","ST",53221,"Ronal Reagan High School","School",NA,NA,NA,2020-04-13 16:30:00
"210",3.9,"Lily","Thomson",3650,"15TH","ST","",532062303,4965,"20TH","ST",53221,"Ronal Reagan High School","School",NA,NA,NA,2020-04-13 16:20:00
"211",17.12,"Donna","Turner",5018,"85TH","ST","",532254211,9050,"SWAN","RD",53224,"Northwest YMCA","Sport",NA,2020-04-13 09:25:00,NA,2020-04-13 15:25:00
"212",7.2,"Grace","Baker",3358,"DOWNER","AV","",532112933,5225,"LINCOLN CREEK","DR",53218,"Congress School","School",2020-04-13 07:00:00,NA,2020-04-13 13:45:00,2020-04-13 14:05:00
"213",14.11,"Brian","Baker",1734,"6TH","ST","",532043502,1641,"MILLER PARK","WAY",53214,"Culver's","Job",NA,2020-04-13 08:40:00,NA,2020-04-13 12:40:00
"214",1.11,"Chloe","Skinner",2916,"11TH","ST","",532060000,1801,"OLIVE","ST",53209,"Rufus King High School","School",2020-04-13 09:45:00,2020-04-13 10:35:00,NA,2020-04-13 14:20:00
"215",5.3,"Max","Martin",3503,"34TH","ST","",532210000,517,"WISCONSIN","AVE",53202,"Milwaukee Federal Building","Job",NA,NA,NA,2020-04-13 15:20:00
"216",8.15,"Simon","Ball",2331,"PIERCE","ST","",532041069,6000,"RYAN","RD",53132,"Milwaukee County Sports Complex","Sport",2020-04-13 09:30:00,NA,NA,2020-04-13 14:55:00
"217",17.4,"Theresa","Kerr",1686,"VAN BUREN","ST","",532022018,9050,"SWAN","RD",53224,"Northwest YMCA","Sport",NA,2020-04-13 07:50:00,NA,2020-04-13 14:50:00
"218",15.17,"Sally","Clarkson",2530,"VICTORY","LA","3",532096133,1111,"VEL R PHILLIPS","AVE",53203,"Fiserv Forum","Event",2020-04-13 09:15:00,NA,NA,2020-04-13 16:25:00
"219",20.8,"Oliver","Clarkson",1113,"15TH","ST","",532330000,2520,"NATIONAL","AVE",53204,"McDonald's","Job",2020-04-13 07:30:00,2020-04-13 07:55:00,2020-04-13 14:15:00,2020-04-13 14:40:00
"220",9.1,"Sean","Clark",8896,"96TH","ST","6",532242074,1818,"CANAL","ST",53233,"Marquette University Valley Fields","Sport",NA,2020-04-13 08:05:00,NA,2020-04-13 15:35:00
"221",5.8,"Bernadette","Martin",1200,"SINGER","CR","13",532121872,517,"WISCONSIN","AVE",53202,"Milwaukee Federal Building","Job",2020-04-13 10:00:00,NA,NA,2020-04-13 12:55:00
"222",10.15,"Benjamin","Sanderson",6926,"CONGRESS","ST","",532185413,3401,"WISCONSIN","AVE",53208,"Marquette University High School","School",2020-04-13 07:45:00,NA,NA,2020-04-13 16:10:00
"223",18.12,"Gabrielle","McDonald",3138,"67TH","CT","",532194110,5130,"53RD","ST",53218,"Hampton Fieldhouse","Sport",2020-04-13 10:00:00,2020-04-13 10:35:00,2020-04-13 16:30:00,2020-04-13 17:05:00
"224",9.1,"Trevor","Butler",1421,"ARTHUR","AV","",532153350,1818,"CANAL","ST",53233,"Marquette University Valley Fields","Sport",NA,NA,NA,2020-04-13 13:25:00
"225",3.15,"Ryan","Gill",1226,"21ST","ST","",532042024,4965,"20TH","ST",53221,"Ronal Reagan High School","School",NA,NA,2020-04-13 12:30:00,2020-04-13 13:20:00
"226",12.17,"Edward","Chapman",2547,"OAKLAND","AV","",532113931,2907,"OAKLAND","AVE",53211,"Blaze Pizza","Job",NA,2020-04-13 09:05:00,NA,NA
"227",3.13,"Trevor","Wright",3387,"KINNICKINNIC","AV","C",532073121,4965,"20TH","ST",53221,"Ronal Reagan High School","School",NA,2020-04-13 09:00:00,NA,2020-04-13 15:15:00
"228",15.8,"Megan","Jones",5733,"FOUNTAIN","AV","",532234227,1111,"VEL R PHILLIPS","AVE",53203,"Fiserv Forum","Event",NA,2020-04-13 08:25:00,2020-04-13 13:00:00,NA
"229",1.8,"Gordon","Pullman",1747,"29TH","ST","",532152205,1801,"OLIVE","ST",53209,"Rufus King High School","School",NA,2020-04-13 10:50:00,2020-04-13 16:45:00,2020-04-13 17:35:00
"230",17.11,"Julia","Ogden",2837,"7TH","ST","",532153907,9050,"SWAN","RD",53224,"Northwest YMCA","Sport",NA,2020-04-13 08:25:00,NA,2020-04-13 15:55:00
"231",3.19,"Liam","Scott",1930,"HOWARD","AV","",532211930,4965,"20TH","ST",53221,"Ronal Reagan High School","School",NA,2020-04-13 08:50:00,NA,NA
"232",16.9,"Jonathan","Manning",6700,"APPLETON","AV","335",532162750,400,"KILBOURN","AVE",53203,"UW-Milwaukee Panther Arena","Event",NA,2020-04-13 08:00:00,NA,2020-04-13 15:30:00
"233",3.11,"Rose","Rutherford",2408,"10TH","ST","",532153249,4965,"20TH","ST",53221,"Ronal Reagan High School","School",NA,2020-04-13 10:10:00,2020-04-13 12:30:00,NA
"234",17.3,"Trevor","Peters",2929,"PALMER","ST","",532122428,9050,"SWAN","RD",53224,"Northwest YMCA","Sport",2020-04-13 07:45:00,NA,NA,2020-04-13 17:40:00
"235",17.1,"Sally","Forsyth",2705,"46TH","ST","",532193207,9050,"SWAN","RD",53224,"Northwest YMCA","Sport",NA,2020-04-13 08:35:00,NA,2020-04-13 13:20:00
"236",12.2,"Olivia","Henderson",1822,"10TH","ST","",532043303,2907,"OAKLAND","AVE",53211,"Blaze Pizza","Job",2020-04-13 07:15:00,2020-04-13 08:00:00,NA,2020-04-13 15:15:00
"237",20.14,"Sophie","Buckland",1612,"31ST","ST","",532151933,2520,"NATIONAL","AVE",53204,"McDonald's","Job",2020-04-13 10:00:00,2020-04-13 10:50:00,NA,NA
"238",8.1,"Ruth","Randall",5409,"15TH","PL","",532214326,6000,"RYAN","RD",53132,"Milwaukee County Sports Complex","Sport",NA,2020-04-13 09:50:00,2020-04-13 14:45:00,2020-04-13 15:05:00
"239",18.11,"Evan","Lawrence",8430,"MORGAN","AV","8",532281518,5130,"53RD","ST",53218,"Hampton Fieldhouse","Sport",2020-04-13 09:15:00,2020-04-13 09:55:00,NA,NA
"240",4.7,"Stewart","Wright",5646,"24TH","ST","",532214214,4601,"84TH","ST",53225,"Hmong American Peace Academy","School",2020-04-13 08:45:00,2020-04-13 09:00:00,2020-04-13 15:30:00,2020-04-13 15:45:00
"241",16.16,"Madeleine","Duncan",1633,"ARLINGTON","PL","402",532022279,400,"KILBOURN","AVE",53203,"UW-Milwaukee Panther Arena","Event",NA,2020-04-13 07:20:00,NA,NA
"242",10,"Wendy","Morrison",2210,"ALLIS","ST","",532071321,3401,"WISCONSIN","AVE",53208,"Marquette University High School","School",NA,NA,2020-04-13 12:45:00,2020-04-13 12:45:00
"243",16,"Dan","Scott",2379,"58TH","ST","",532102209,400,"KILBOURN","AVE",53203,"UW-Milwaukee Panther Arena","Event",2020-04-13 07:30:00,NA,NA,2020-04-13 15:10:00
"244",2.13,"Chloe","Powell",5416,"42ND","ST","",532094627,8400,"BURLEIGH","ST",53222,"Milwaukee School of Languages","School",2020-04-13 07:15:00,2020-04-13 07:55:00,NA,2020-04-13 14:25:00
"245",5.5,"Bella","Young",1550,"PEARL","ST","",532042728,517,"WISCONSIN","AVE",53202,"Milwaukee Federal Building","Job",NA,2020-04-13 08:45:00,2020-04-13 16:45:00,NA
"246",4.14,"Ian","Cameron",1818,"12TH","ST","",532051723,4601,"84TH","ST",53225,"Hmong American Peace Academy","School",NA,2020-04-13 08:20:00,2020-04-13 14:00:00,2020-04-13 14:05:00
"247",2.4,"Hannah","James",9060,"95TH","ST","",532246705,8400,"BURLEIGH","ST",53222,"Milwaukee School of Languages","School",NA,2020-04-13 08:30:00,2020-04-13 13:15:00,2020-04-13 13:45:00
"248",11.2,"Joe","Ellison",3069,"38TH","ST","4",532153521,1532,"WELLS","ST",53233,"Jimmy Johns","Job",2020-04-13 09:00:00,2020-04-13 09:00:00,NA,2020-04-13 13:45:00
"249",20.7,"Jason","Harris",7919,"MORGAN","AV","4",532201007,2520,"NATIONAL","AVE",53204,"McDonald's","Job",2020-04-13 09:00:00,NA,NA,NA
"250",19.7,"Harry","Allan",2612,"9TH","ST","",532063115,6215,"WARNIMONT","AVE",53220,"Driver's Education Class","Event",NA,2020-04-13 09:25:00,NA,NA
"251",16.18,"Stephen","Watson",3410,"7TH","ST","",532121451,400,"KILBOURN","AVE",53203,"UW-Milwaukee Panther Arena","Event",NA,2020-04-13 09:40:00,NA,2020-04-13 13:25:00
"252",11.11,"Wanda","Brown",2812,"53RD","ST","",532101613,1532,"WELLS","ST",53233,"Jimmy Johns","Job",NA,NA,NA,2020-04-13 16:10:00
"253",2.19,"Sonia","Arnold",2868,"DELAWARE","AV","",532072560,8400,"BURLEIGH","ST",53222,"Milwaukee School of Languages","School",NA,2020-04-13 07:55:00,2020-04-13 13:30:00,2020-04-13 13:40:00
"254",4.18,"Eric","Wallace",10955,"CAMERON","AV","",532253814,4601,"84TH","ST",53225,"Hmong American Peace Academy","School",NA,2020-04-13 11:00:00,NA,2020-04-13 15:30:00
"255",1.3,"Andrew","Powell",7771,"BECKETT","AV","",532185317,1801,"OLIVE","ST",53209,"Rufus King High School","School",NA,NA,NA,2020-04-13 16:25:00
"256",15.16,"Wanda","MacLeod",3806,"18TH","ST","",532211556,1111,"VEL R PHILLIPS","AVE",53203,"Fiserv Forum","Event",NA,NA,NA,NA
"257",1.15,"Deirdre","Abraham",2925,"60TH","ST","",532101402,1801,"OLIVE","ST",53209,"Rufus King High School","School",2020-04-13 09:00:00,2020-04-13 09:50:00,NA,2020-04-13 17:20:00
"258",4.17,"Julian","Watson",8853,"SWAN","RD","",532242055,4601,"84TH","ST",53225,"Hmong American Peace Academy","School",2020-04-13 08:30:00,2020-04-13 09:20:00,2020-04-13 14:45:00,2020-04-13 15:35:00
"259",5.1,"John","Vance",1565,"RAMSEY","AV","",532210000,517,"WISCONSIN","AVE",53202,"Milwaukee Federal Building","Job",NA,2020-04-13 08:00:00,NA,2020-04-13 15:00:00
"260",20,"Adrian","Grant",1511,"38TH","ST","",532082329,2520,"NATIONAL","AVE",53204,"McDonald's","Job",NA,2020-04-13 10:15:00,NA,2020-04-13 17:15:00
"261",15.2,"Alexandra","Parr",1724,"2ND","ST","",532044007,1111,"VEL R PHILLIPS","AVE",53203,"Fiserv Forum","Event",NA,NA,NA,2020-04-13 13:15:00
"262",1.17,"Lucas","Allan",2314,"WELLS","ST","1",532331819,1801,"OLIVE","ST",53209,"Rufus King High School","School",NA,2020-04-13 08:45:00,NA,NA
"263",12.1,"Jason","Davidson",2168,"17TH","ST","",532150000,2907,"OAKLAND","AVE",53211,"Blaze Pizza","Job",NA,2020-04-13 09:35:00,2020-04-13 13:30:00,NA
"264",16.6,"Angela","Bond",6845,"FOND DU LAC","AV","",532183918,400,"KILBOURN","AVE",53203,"UW-Milwaukee Panther Arena","Event",2020-04-13 07:00:00,2020-04-13 07:15:00,NA,2020-04-13 16:45:00
"265",4.8,"Alexander","Parr",3300,"DELAWARE","AV","",532073704,4601,"84TH","ST",53225,"Hmong American Peace Academy","School",2020-04-13 07:30:00,NA,NA,2020-04-13 16:05:00
"266",1.18,"Megan","Taylor",2114,"SUMMIT","AV","12",532021322,1801,"OLIVE","ST",53209,"Rufus King High School","School",2020-04-13 08:30:00,2020-04-13 08:40:00,2020-04-13 15:45:00,2020-04-13 15:55:00
"267",18.9,"Jason","Jones",9001,"CONCORDIA","AV","",532223637,5130,"53RD","ST",53218,"Hampton Fieldhouse","Sport",2020-04-13 09:00:00,2020-04-13 09:35:00,NA,NA
"268",2.7,"Brian","Terry",104,"CLIFFORD","ST","",532071530,8400,"BURLEIGH","ST",53222,"Milwaukee School of Languages","School",2020-04-13 07:30:00,NA,2020-04-13 17:00:00,2020-04-13 17:45:00
"269",11.18,"Phil","Pullman",1340,"HOLMES","AV","1",532213574,1532,"WELLS","ST",53233,"Jimmy Johns","Job",2020-04-13 08:30:00,NA,NA,NA
"270",7.13,"Abigail","Fraser",2675,"68TH","ST","2",532192617,5225,"LINCOLN CREEK","DR",53218,"Congress School","School",2020-04-13 08:00:00,NA,NA,2020-04-13 16:25:00
"271",19.16,"Brandon","Rutherford",3032,"PIERCE","ST","2",532151266,6215,"WARNIMONT","AVE",53220,"Driver's Education Class","Event",2020-04-13 08:00:00,2020-04-13 08:45:00,2020-04-13 12:00:00,2020-04-13 12:45:00
"272",16.3,"Abigail","Pullman",6101,"AVALON","ST","",532215104,400,"KILBOURN","AVE",53203,"UW-Milwaukee Panther Arena","Event",2020-04-13 07:15:00,2020-04-13 07:50:00,NA,2020-04-13 14:20:00
"273",18.2,"Sean","Sutherland",1344,"40TH","ST","",532082842,5130,"53RD","ST",53218,"Hampton Fieldhouse","Sport",NA,2020-04-13 09:40:00,NA,NA
"274",18.19,"Deirdre","Burgess",2400,"BRADFORD","AV","302",532114166,5130,"53RD","ST",53218,"Hampton Fieldhouse","Sport",2020-04-13 07:15:00,2020-04-13 07:20:00,2020-04-13 15:00:00,2020-04-13 15:05:00
"275",6.11,"Faith","Buckland",6447,"BIRCH","AV","",532183032,2751,"LENOX","ST",53207,"Bay View High School","School",NA,2020-04-13 09:55:00,NA,2020-04-13 15:55:00
"276",7.17,"Eric","Powell",3725,"52ND","ST","",532162938,5225,"LINCOLN CREEK","DR",53218,"Congress School","School",NA,2020-04-13 08:45:00,NA,2020-04-13 15:45:00
"277",8.7,"Paul","Simpson",11915,"KAUL","AV","",532251009,6000,"RYAN","RD",53132,"Milwaukee County Sports Complex","Sport",2020-04-13 07:45:00,2020-04-13 08:45:00,NA,2020-04-13 13:00:00
"278",13.4,"Christian","Grant",2511,"CRAMER","ST","",532113905,2419,"KENWOOD","BLVD",53211,"Helene Zelazo Center for the Performing Arts","Band Rehearsal",2020-04-13 08:30:00,NA,2020-04-13 13:15:00,NA
"279",7.7,"John","Fisher",1313,"23RD","ST","",532041908,5225,"LINCOLN CREEK","DR",53218,"Congress School","School",2020-04-13 08:45:00,NA,NA,2020-04-13 15:45:00
"280",20.2,"Sophie","Ferguson",3811,"4TH","ST","",532121111,2520,"NATIONAL","AVE",53204,"McDonald's","Job",NA,2020-04-13 08:50:00,2020-04-13 15:00:00,NA
"281",18,"Sam","Piper",4535,"66TH","ST","",532185512,5130,"53RD","ST",53218,"Hampton Fieldhouse","Sport",2020-04-13 09:45:00,2020-04-13 10:00:00,NA,2020-04-13 15:15:00
"282",1.5,"Lily","Hughes",2025,"37TH","ST","",532080000,1801,"OLIVE","ST",53209,"Rufus King High School","School",2020-04-13 07:15:00,NA,NA,NA
"283",8.12,"Dorothy","Blake",1820,"18TH","ST","",532043114,6000,"RYAN","RD",53132,"Milwaukee County Sports Complex","Sport",NA,2020-04-13 09:50:00,NA,2020-04-13 16:05:00
"284",15.15,"Bernadette","Jones",2305,"SCOTT","ST","2W",532041930,1111,"VEL R PHILLIPS","AVE",53203,"Fiserv Forum","Event",2020-04-13 08:30:00,2020-04-13 09:05:00,NA,NA
"285",13.19,"Justin","Vaughan",1733,"CAMBRIDGE","AV","302",532021814,2419,"KENWOOD","BLVD",53211,"Helene Zelazo Center for the Performing Arts","Band Rehearsal",2020-04-13 08:30:00,2020-04-13 09:20:00,2020-04-13 13:15:00,NA
"286",1.19,"Joshua","Short",11925,"CARMEN","AV","",532252113,1801,"OLIVE","ST",53209,"Rufus King High School","School",NA,2020-04-13 07:55:00,2020-04-13 14:45:00,NA
"287",20.11,"Fiona","Kelly",4006,"WHITNALL","AV","",532074463,2520,"NATIONAL","AVE",53204,"McDonald's","Job",2020-04-13 08:00:00,2020-04-13 08:50:00,NA,2020-04-13 14:20:00
"288",16.15,"Claire","Vance",5220,"LOVERS LANE","RD","4",532253079,400,"KILBOURN","AVE",53203,"UW-Milwaukee Panther Arena","Event",2020-04-13 08:15:00,NA,NA,2020-04-13 13:45:00
"289",8.4,"Trevor","Hill",508,"CHAMBERS","ST","",532122308,6000,"RYAN","RD",53132,"Milwaukee County Sports Complex","Sport",2020-04-13 08:00:00,2020-04-13 08:15:00,NA,2020-04-13 15:45:00
"290",19.17,"Jennifer","Glover",6766,"APPLETON","AV","7",532162785,6215,"WARNIMONT","AVE",53220,"Driver's Education Class","Event",NA,2020-04-13 07:20:00,NA,2020-04-13 15:20:00
"291",5.15,"Lucas","James",5061,"48TH","ST","",532184443,517,"WISCONSIN","AVE",53202,"Milwaukee Federal Building","Job",NA,NA,NA,2020-04-13 15:00:00
"292",17.1,"Keith","Springer",316,"CONCORDIA","AV","",532120000,9050,"SWAN","RD",53224,"Northwest YMCA","Sport",NA,NA,NA,2020-04-13 16:30:00
"293",2.14,"Gabrielle","Russell",2862,"37TH","ST","",532101821,8400,"BURLEIGH","ST",53222,"Milwaukee School of Languages","School",NA,2020-04-13 09:15:00,NA,NA
"294",3.1,"Hannah","Edmunds",3260,"98TH","ST","",532274212,4965,"20TH","ST",53221,"Ronal Reagan High School","School",NA,2020-04-13 09:15:00,2020-04-13 16:15:00,NA
"295",2.15,"Jan","Walsh",4961,"26TH","ST","",532095506,8400,"BURLEIGH","ST",53222,"Milwaukee School of Languages","School",NA,2020-04-13 08:20:00,NA,2020-04-13 15:05:00
"296",1.9,"Leonard","Bond",9119,"LISBON","AV","6",532222732,1801,"OLIVE","ST",53209,"Rufus King High School","School",2020-04-13 09:00:00,2020-04-13 09:35:00,2020-04-13 15:30:00,2020-04-13 16:05:00
"297",19.12,"Jake","Miller",625,"BRUCE","ST","",532041531,6215,"WARNIMONT","AVE",53220,"Driver's Education Class","Event",2020-04-13 07:30:00,2020-04-13 08:30:00,NA,2020-04-13 13:30:00
"298",4.2,"Edward","Sharp",2977,"58TH","ST","",532101544,4601,"84TH","ST",53225,"Hmong American Peace Academy","School",NA,NA,NA,NA
"299",20.15,"Emma","Morgan",3346,"26TH","ST","",532061240,2520,"NATIONAL","AVE",53204,"McDonald's","Job",NA,2020-04-13 08:35:00,NA,2020-04-13 15:35:00
"300",6.1,"Anna","Parr",2188,"46TH","ST","",532081227,2751,"LENOX","ST",53207,"Bay View High School","School",2020-04-13 09:00:00,2020-04-13 09:30:00,NA,2020-04-13 12:45:00
"301",10.11,"Felicity","McDonald",5378,"GREEN BAY","AV","",532095060,3401,"WISCONSIN","AVE",53208,"Marquette University High School","School",NA,2020-04-13 08:10:00,2020-04-13 12:45:00,2020-04-13 12:55:00
"302",7,"Rachel","Allan",2130,"7TH","ST","104",532152744,5225,"LINCOLN CREEK","DR",53218,"Congress School","School",NA,2020-04-13 08:45:00,2020-04-13 12:30:00,2020-04-13 12:45:00
"303",6.18,"Ruth","Mitchell",923,"10TH","ST","A",532041339,2751,"LENOX","ST",53207,"Bay View High School","School",NA,2020-04-13 08:35:00,NA,2020-04-13 15:35:00
"304",2.11,"Abigail","Mills",6611,"19TH","ST","",532215218,8400,"BURLEIGH","ST",53222,"Milwaukee School of Languages","School",NA,2020-04-13 10:40:00,NA,2020-04-13 14:10:00
"305",5.4,"Dorothy","Duncan",9419,"CAPITOL","DR","",532221536,517,"WISCONSIN","AVE",53202,"Milwaukee Federal Building","Job",2020-04-13 10:00:00,NA,NA,NA
"306",13.9,"Virginia","Terry",1400,"IONA","TR","",532215020,2419,"KENWOOD","BLVD",53211,"Helene Zelazo Center for the Performing Arts","Band Rehearsal",2020-04-13 08:30:00,NA,NA,2020-04-13 13:15:00
"307",2.16,"Jessica","Cameron",3175,"75TH","ST","1",532162766,8400,"BURLEIGH","ST",53222,"Milwaukee School of Languages","School",NA,2020-04-13 09:40:00,2020-04-13 16:00:00,2020-04-13 16:10:00
"308",7.8,"Joseph","Roberts",3442,"4TH","ST","",532121435,5225,"LINCOLN CREEK","DR",53218,"Congress School","School",NA,NA,NA,2020-04-13 12:35:00
"309",18.6,"Bernadette","Carr",6423,"SPOKANE","ST","",532235438,5130,"53RD","ST",53218,"Hampton Fieldhouse","Sport",NA,2020-04-13 10:30:00,NA,2020-04-13 13:15:00
"310",9.4,"Nicholas","Greene",1534,"VLIET","ST","",532052012,1818,"CANAL","ST",53233,"Marquette University Valley Fields","Sport",2020-04-13 09:00:00,NA,NA,2020-04-13 15:50:00
"311",6.4,"Jake","Thomson",3327,"IONA","TR","1",532214089,2751,"LENOX","ST",53207,"Bay View High School","School",2020-04-13 08:45:00,NA,2020-04-13 12:30:00,NA
"312",8,"Fiona","Graham",2830,"4TH","ST","",532122318,6000,"RYAN","RD",53132,"Milwaukee County Sports Complex","Sport",2020-04-13 07:30:00,2020-04-13 07:55:00,NA,NA
"313",13.13,"Natalie","Parr",7251,"LAKEFIELD","DR","1",532194052,2419,"KENWOOD","BLVD",53211,"Helene Zelazo Center for the Performing Arts","Band Rehearsal",NA,NA,NA,2020-04-13 17:35:00
"314",9.11,"Amy","Rees",4230,"BURRELL","ST","",532075004,1818,"CANAL","ST",53233,"Marquette University Valley Fields","Sport",2020-04-13 07:30:00,2020-04-13 08:05:00,NA,2020-04-13 15:20:00
"315",7.14,"Sarah","Tucker",4871,"104TH","ST","",532254015,5225,"LINCOLN CREEK","DR",53218,"Congress School","School",2020-04-13 08:00:00,NA,NA,2020-04-13 16:20:00
"316",11.3,"Emily","Slater",557,"17TH","ST","106",532332104,1532,"WELLS","ST",53233,"Jimmy Johns","Job",2020-04-13 07:15:00,2020-04-13 07:55:00,NA,2020-04-13 16:25:00
"317",14.4,"Katherine","Short",1122,"GRANT","ST","3",532152781,1641,"MILLER PARK","WAY",53214,"Culver's","Job",2020-04-13 07:15:00,NA,NA,NA
"318",3.14,"Sean","Kelly",3386,"23RD","ST","",532061713,4965,"20TH","ST",53221,"Ronal Reagan High School","School",2020-04-13 07:15:00,2020-04-13 07:30:00,NA,NA
"319",15,"Penelope","Marshall",7200,"CARMEN","AV","",532182235,1111,"VEL R PHILLIPS","AVE",53203,"Fiserv Forum","Event",2020-04-13 09:00:00,NA,NA,2020-04-13 14:05:00
"320",13.8,"Alexander","Mathis",3940,"SHERMAN","BL","5",532162449,2419,"KENWOOD","BLVD",53211,"Helene Zelazo Center for the Performing Arts","Band Rehearsal",2020-04-13 09:45:00,NA,2020-04-13 13:45:00,2020-04-13 13:50:00
"321",6.7,"Pippa","Knox",1685,"FRANKLIN","PL","B",532022201,2751,"LENOX","ST",53207,"Bay View High School","School",NA,2020-04-13 09:25:00,NA,2020-04-13 15:25:00
"322",10.19,"Maria","Morrison",1905,"ATKINSON","AV","5",532062453,3401,"WISCONSIN","AVE",53208,"Marquette University High School","School",NA,2020-04-13 08:45:00,NA,NA
"323",8.17,"Dominic","Rutherford",7921,"HADLEY","ST","",532224927,6000,"RYAN","RD",53132,"Milwaukee County Sports Complex","Sport",NA,2020-04-13 07:25:00,NA,2020-04-13 15:25:00
"324",2.1,"Bella","Short",2351,"48TH","ST","",532102802,8400,"BURLEIGH","ST",53222,"Milwaukee School of Languages","School",NA,2020-04-13 08:55:00,NA,2020-04-13 15:25:00
"325",7.4,"Matt","Payne",2506,"LEGION","ST","",532043651,5225,"LINCOLN CREEK","DR",53218,"Congress School","School",2020-04-13 08:00:00,2020-04-13 08:45:00,NA,2020-04-13 13:45:00
"326",17.7,"Steven","Graham",4121,"24TH","PL","",532096607,9050,"SWAN","RD",53224,"Northwest YMCA","Sport",NA,NA,NA,NA
"327",10.17,"Victor","Walker",3301,"GREENFIELD","AV","B",532151516,3401,"WISCONSIN","AVE",53208,"Marquette University High School","School",2020-04-13 09:15:00,2020-04-13 09:35:00,NA,2020-04-13 17:20:00
"328",4.1,"Irene","Quinn",6525,"19TH","ST","",532215216,4601,"84TH","ST",53225,"Hmong American Peace Academy","School",NA,2020-04-13 09:55:00,NA,2020-04-13 16:40:00
"329",19.18,"Neil","Nash",7567,"76TH","ST","",532230000,6215,"WARNIMONT","AVE",53220,"Driver's Education Class","Event",2020-04-13 09:30:00,2020-04-13 09:40:00,NA,NA
"330",9.13,"Joe","Abraham",1604,"33RD","ST","",532080000,1818,"CANAL","ST",53233,"Marquette University Valley Fields","Sport",NA,2020-04-13 09:15:00,NA,NA
"331",10.2,"Faith","Chapman",3350,"58TH","ST","",532163126,3401,"WISCONSIN","AVE",53208,"Marquette University High School","School",NA,NA,NA,2020-04-13 14:50:00
"332",15.14,"Heather","Johnston",1635,"52ND","ST","",532082225,1111,"VEL R PHILLIPS","AVE",53203,"Fiserv Forum","Event",2020-04-13 08:00:00,2020-04-13 08:35:00,NA,2020-04-13 16:05:00
"333",14.17,"Peter","Coleman",3951,"81ST","ST","",532222931,1641,"MILLER PARK","WAY",53214,"Culver's","Job",2020-04-13 10:00:00,2020-04-13 10:35:00,NA,2020-04-13 12:50:00
"334",14,"Carol","Watson",1429,"21ST","ST","5",532051945,1641,"MILLER PARK","WAY",53214,"Culver's","Job",NA,2020-04-13 10:55:00,2020-04-13 16:15:00,2020-04-13 17:10:00
"335",20.6,"Rachel","Piper",3315,"15TH","PL","",532155029,2520,"NATIONAL","AVE",53204,"McDonald's","Job",2020-04-13 09:15:00,NA,2020-04-13 13:15:00,2020-04-13 13:25:00
"336",6.3,"Diane","Ross",627,"5TH","ST","",532040000,2751,"LENOX","ST",53207,"Bay View High School","School",NA,NA,NA,2020-04-13 14:35:00
"337",14.5,"Liam","Hart",7836,"64TH","CT","",532234162,1641,"MILLER PARK","WAY",53214,"Culver's","Job",NA,NA,2020-04-13 15:30:00,2020-04-13 16:05:00
"338",7.1,"Olivia","Hughes",2244,"21ST","ST","",532152554,5225,"LINCOLN CREEK","DR",53218,"Congress School","School",2020-04-13 09:45:00,2020-04-13 09:55:00,NA,2020-04-13 12:55:00
"339",8.9,"Mary","Dyer",7933,"DENVER","AV","",532234941,6000,"RYAN","RD",53132,"Milwaukee County Sports Complex","Sport",NA,2020-04-13 10:00:00,NA,2020-04-13 13:15:00
"340",12.15,"Michelle","Mills",2826,"CRAMER","ST","",532113555,2907,"OAKLAND","AVE",53211,"Blaze Pizza","Job",NA,NA,2020-04-13 13:45:00,2020-04-13 14:05:00
"341",10.5,"Liam","Manning",7673,"EDGEWORTH","DR","",532234320,3401,"WISCONSIN","AVE",53208,"Marquette University High School","School",2020-04-13 09:30:00,NA,NA,2020-04-13 14:30:00
"342",13.6,"Abigail","Chapman",3334,"HIGHLAND","BL","216",532083254,2419,"KENWOOD","BLVD",53211,"Helene Zelazo Center for the Performing Arts","Band Rehearsal",2020-04-13 08:30:00,2020-04-13 09:10:00,2020-04-13 12:30:00,2020-04-13 13:10:00
"343",12.16,"Molly","Cornish",3901,"5TH","ST","",532121135,2907,"OAKLAND","AVE",53211,"Blaze Pizza","Job",2020-04-13 09:45:00,2020-04-13 09:45:00,NA,2020-04-13 12:45:00
"344",18.4,"Eric","Mitchell",1908,"52ND","ST","",532081752,5130,"53RD","ST",53218,"Hampton Fieldhouse","Sport",NA,NA,2020-04-13 12:15:00,2020-04-13 13:15:00
"345",6.12,"Phil","Hamilton",2601,"12TH","ST","",532150000,2751,"LENOX","ST",53207,"Bay View High School","School",2020-04-13 07:30:00,2020-04-13 07:30:00,NA,NA
"346",20.17,"Gabrielle","Morgan",7711,"BENDER","AV","3",532181117,2520,"NATIONAL","AVE",53204,"McDonald's","Job",NA,NA,2020-04-13 16:00:00,2020-04-13 16:45:00
"347",18.14,"Julian","Rees",2641,"44TH","ST","",532102401,5130,"53RD","ST",53218,"Hampton Fieldhouse","Sport",2020-04-13 08:45:00,2020-04-13 08:55:00,NA,2020-04-13 16:40:00
"348",10.9,"Diane","Bond",3577,"60TH","ST","",532201301,3401,"WISCONSIN","AVE",53208,"Marquette University High School","School",NA,NA,NA,2020-04-13 17:25:00
"349",6.6,"Wanda","Hamilton",901,"DAKOTA","ST","",532072207,2751,"LENOX","ST",53207,"Bay View High School","School",2020-04-13 07:45:00,NA,NA,2020-04-13 16:40:00
"350",3.17,"Gordon","Piper",1226,"HOWARD","AV","",532074046,4965,"20TH","ST",53221,"Ronal Reagan High School","School",2020-04-13 10:00:00,2020-04-13 10:55:00,NA,2020-04-13 16:10:00
"351",6.17,"Melanie","Stewart",4830,"CLEVELAND","AV","",532193232,2751,"LENOX","ST",53207,"Bay View High School","School",2020-04-13 09:00:00,2020-04-13 09:25:00,2020-04-13 13:30:00,2020-04-13 13:55:00
"352",8.8,"Ruth","Morgan",5524,"LONG ISLAND","DR","",532095054,6000,"RYAN","RD",53132,"Milwaukee County Sports Complex","Sport",NA,2020-04-13 07:45:00,2020-04-13 13:00:00,2020-04-13 13:00:00
"353",7.19,"Emily","Howard",2220,"LAYTON","AV","103",532212742,5225,"LINCOLN CREEK","DR",53218,"Congress School","School",NA,2020-04-13 10:25:00,2020-04-13 15:30:00,2020-04-13 15:55:00
"354",13.2,"Michael","Ince",2862,"9TH","ST","",532063214,2419,"KENWOOD","BLVD",53211,"Helene Zelazo Center for the Performing Arts","Band Rehearsal",2020-04-13 08:15:00,NA,2020-04-13 14:45:00,2020-04-13 15:20:00
"355",13.7,"Jasmine","Kerr",3239,"58TH","ST","306",532194331,2419,"KENWOOD","BLVD",53211,"Helene Zelazo Center for the Performing Arts","Band Rehearsal",NA,2020-04-13 10:40:00,2020-04-13 15:15:00,2020-04-13 16:10:00
"356",4.16,"Lily","Vance",4627,"39TH","ST","",532095859,4601,"84TH","ST",53225,"Hmong American Peace Academy","School",NA,NA,NA,2020-04-13 13:20:00
"357",20.5,"Andrea","Welch",1516,"LAYTON","BL","",532151925,2520,"NATIONAL","AVE",53204,"McDonald's","Job",2020-04-13 09:30:00,2020-04-13 09:55:00,2020-04-13 13:15:00,2020-04-13 13:40:00
"358",11.9,"David","Chapman",5673,"HONEY CREEK","DR","",532214013,1532,"WELLS","ST",53233,"Jimmy Johns","Job",2020-04-13 09:30:00,2020-04-13 09:50:00,2020-04-13 14:00:00,2020-04-13 14:20:00
"359",14.3,"Julian","Wright",3401,"24TH","ST","",532061304,1641,"MILLER PARK","WAY",53214,"Culver's","Job",NA,2020-04-13 08:00:00,NA,NA
"360",4.11,"Sean","Fraser",8461,"107TH","ST","",532242221,4601,"84TH","ST",53225,"Hmong American Peace Academy","School",NA,2020-04-13 09:45:00,NA,2020-04-13 12:30:00
"361",12.18,"Kimberly","Terry",1738,"60TH","ST","",532081634,2907,"OAKLAND","AVE",53211,"Blaze Pizza","Job",NA,2020-04-13 08:25:00,NA,2020-04-13 14:10:00
"362",2.5,"Ruth","Terry",4908,"LYNNDALE","AV","",532202004,8400,"BURLEIGH","ST",53222,"Milwaukee School of Languages","School",NA,NA,NA,2020-04-13 15:25:00
"363",15.12,"Jason","Ince",2652,"15TH","PL","",532153316,1111,"VEL R PHILLIPS","AVE",53203,"Fiserv Forum","Event",2020-04-13 09:45:00,NA,NA,2020-04-13 14:55:00
"364",19.14,"Vanessa","Skinner",1404,"ARMOUR","AV","1",532212850,6215,"WARNIMONT","AVE",53220,"Driver's Education Class","Event",NA,NA,NA,2020-04-13 17:50:00
"365",2.3,"David","Davies",8505,"BURLEIGH","ST","3",532223750,8400,"BURLEIGH","ST",53222,"Milwaukee School of Languages","School",NA,2020-04-13 07:45:00,NA,2020-04-13 13:30:00
"366",8.14,"Emma","Black",2829,"WISCONSIN","AV","312",532084085,6000,"RYAN","RD",53132,"Milwaukee County Sports Complex","Sport",NA,2020-04-13 08:45:00,NA,NA
"367",14.9,"Joshua","Robertson",8149,"107TH","ST","R",532242571,1641,"MILLER PARK","WAY",53214,"Culver's","Job",2020-04-13 07:00:00,2020-04-13 07:15:00,NA,NA
"368",12.7,"Evan","Murray",3956,"88TH","ST","C",532222747,2907,"OAKLAND","AVE",53211,"Blaze Pizza","Job",2020-04-13 07:15:00,2020-04-13 07:15:00,2020-04-13 14:15:00,NA
"369",1.12,"Angela","Clarkson",3244,"26TH","ST","",532061238,1801,"OLIVE","ST",53209,"Rufus King High School","School",NA,NA,NA,2020-04-13 14:30:00
"370",10.14,"Owen","Miller",4274,"90TH","CT","",532221604,3401,"WISCONSIN","AVE",53208,"Marquette University High School","School",2020-04-13 10:00:00,2020-04-13 10:55:00,2020-04-13 16:45:00,2020-04-13 17:40:00
"371",5.2,"Theresa","Thomson",1812,"ATKINSON","AV","",532062448,517,"WISCONSIN","AVE",53202,"Milwaukee Federal Building","Job",2020-04-13 08:45:00,2020-04-13 09:40:00,2020-04-13 13:00:00,2020-04-13 13:55:00
"372",8.18,"Leah","Tucker",2543,"27TH","ST","",532103109,6000,"RYAN","RD",53132,"Milwaukee County Sports Complex","Sport",2020-04-13 08:00:00,2020-04-13 08:30:00,NA,NA
"373",4.5,"Phil","Edmunds",2720,"FREDERICK","AV","339",532113631,4601,"84TH","ST",53225,"Hmong American Peace Academy","School",NA,2020-04-13 08:45:00,NA,2020-04-13 13:00:00
"374",5.11,"Victor","Wilkins",7901,"BROWN DEER","RD","",532231909,517,"WISCONSIN","AVE",53202,"Milwaukee Federal Building","Job",2020-04-13 10:00:00,NA,NA,2020-04-13 12:30:00
"375",19.4,"Hannah","Fraser",3530,"ROOSEVELT","DR","",532160000,6215,"WARNIMONT","AVE",53220,"Driver's Education Class","Event",2020-04-13 09:45:00,NA,NA,2020-04-13 14:00:00
"376",19,"Oliver","Lyman",2558,"BREMEN","ST","",532123002,6215,"WARNIMONT","AVE",53220,"Driver's Education Class","Event",2020-04-13 09:45:00,2020-04-13 09:55:00,2020-04-13 16:00:00,2020-04-13 16:10:00
"377",1.4,"Heather","Payne",4809,"89TH","ST","",532254105,1801,"OLIVE","ST",53209,"Rufus King High School","School",2020-04-13 10:00:00,2020-04-13 10:05:00,NA,NA
"378",4.6,"William","Quinn",2239,"38TH","ST","",532080000,4601,"84TH","ST",53225,"Hmong American Peace Academy","School",NA,NA,2020-04-13 13:30:00,NA
"379",20.19,"Simon","Simpson",228,"VAN BECK","AV","",532074454,2520,"NATIONAL","AVE",53204,"McDonald's","Job",NA,NA,NA,2020-04-13 16:35:00
"380",11.1,"Abigail","Lee",3331,"82ND","ST","",532223840,1532,"WELLS","ST",53233,"Jimmy Johns","Job",2020-04-13 08:45:00,2020-04-13 09:25:00,NA,2020-04-13 14:10:00
"381",11.19,"Max","Howard",2461,"28TH","ST","",532103104,1532,"WELLS","ST",53233,"Jimmy Johns","Job",NA,NA,NA,2020-04-13 13:10:00
"382",15.1,"Dominic","Poole",2258,"21ST","ST","",532152554,1111,"VEL R PHILLIPS","AVE",53203,"Fiserv Forum","Event",2020-04-13 08:45:00,NA,NA,2020-04-13 15:45:00
"383",1.6,"Faith","MacDonald",610,"62ND","ST","",532141854,1801,"OLIVE","ST",53209,"Rufus King High School","School",NA,2020-04-13 09:45:00,NA,NA
"384",10.3,"Claire","Ball",817,"1ST","ST","",532041816,3401,"WISCONSIN","AVE",53208,"Marquette University High School","School",2020-04-13 09:30:00,2020-04-13 10:30:00,NA,NA
"385",20.1,"Boris","Lee",2013,"51ST","ST","",532081747,2520,"NATIONAL","AVE",53204,"McDonald's","Job",2020-04-13 09:00:00,2020-04-13 09:25:00,NA,2020-04-13 12:40:00
"386",15.13,"Max","Fraser",6333,"CONGRESS","ST","",532185515,1111,"VEL R PHILLIPS","AVE",53203,"Fiserv Forum","Event",NA,NA,NA,2020-04-13 13:00:00
"387",17.18,"Sean","Russell",6622,"CARMEN","AV","",532182314,9050,"SWAN","RD",53224,"Northwest YMCA","Sport",NA,2020-04-13 07:20:00,2020-04-13 13:45:00,2020-04-13 13:50:00
"388",5.12,"Carolyn","Jones",2019,"ROOSEVELT","DR","1",532096321,517,"WISCONSIN","AVE",53202,"Milwaukee Federal Building","Job",2020-04-13 09:15:00,2020-04-13 09:20:00,NA,2020-04-13 13:05:00
"389",7.3,"Rose","James",2735,"SHORE","DR","",532072323,5225,"LINCOLN CREEK","DR",53218,"Congress School","School",NA,2020-04-13 08:35:00,NA,2020-04-13 12:50:00
"390",7.15,"Wanda","Rees",2653,"35TH","ST","",532100000,5225,"LINCOLN CREEK","DR",53218,"Congress School","School",NA,NA,NA,2020-04-13 18:00:00
"391",7.5,"Sue","Sanderson",3707,"58TH","BL","",532162850,5225,"LINCOLN CREEK","DR",53218,"Congress School","School",NA,2020-04-13 07:25:00,2020-04-13 16:00:00,2020-04-13 16:25:00
"392",1.16,"Jason","Tucker",2240,"LAYTON","AV","112",532215404,1801,"OLIVE","ST",53209,"Rufus King High School","School",NA,2020-04-13 09:20:00,NA,2020-04-13 17:50:00
"393",17.2,"Virginia","Rutherford",4632,"20TH","ST","5",532212878,9050,"SWAN","RD",53224,"Northwest YMCA","Sport",NA,NA,NA,2020-04-13 12:30:00
"394",18.5,"Natalie","Hart",9111,"DIXON","ST","7",532141354,5130,"53RD","ST",53218,"Hampton Fieldhouse","Sport",NA,2020-04-13 09:50:00,NA,2020-04-13 14:35:00
"395",9.14,"Melanie","Hart",9926,"SARASOTA","PL","3",532221459,1818,"CANAL","ST",53233,"Marquette University Valley Fields","Sport",NA,2020-04-13 10:20:00,2020-04-13 13:30:00,NA
"396",8.11,"Carolyn","Ellison",9011,"HAWTHORNE","AV","3",532264537,6000,"RYAN","RD",53132,"Milwaukee County Sports Complex","Sport",2020-04-13 07:45:00,2020-04-13 08:10:00,NA,2020-04-13 17:10:00
"397",3.7,"Frank","Russell",1554,"UNION","ST","",532042648,4965,"20TH","ST",53221,"Ronal Reagan High School","School",2020-04-13 08:30:00,2020-04-13 09:30:00,2020-04-13 14:15:00,2020-04-13 15:15:00
"398",4.12,"Connor","Springer",6412,"CUSTER","AV","",532183037,4601,"84TH","ST",53225,"Hmong American Peace Academy","School",2020-04-13 09:00:00,NA,NA,2020-04-13 16:20:00
"399",15.11,"Amanda","Henderson",2823,"11TH","ST","",532153811,1111,"VEL R PHILLIPS","AVE",53203,"Fiserv Forum","Event",2020-04-13 09:30:00,2020-04-13 10:05:00,NA,2020-04-13 14:20:00
"400",14.6,"Elizabeth","Gill",3569,"11TH","ST","",532063032,1641,"MILLER PARK","WAY",53214,"Culver's","Job",2020-04-13 07:30:00,2020-04-13 08:00:00,NA,2020-04-13 16:30:00
