"","firstName","lastName","HSE_NBR_home","STREET_home","STTYPE_home","UNIT_NBR_home","ZIP_CODE_home","HSE_NBR","STREET","STTYPE","ZIP_CODE","DEST_NAME","DEST_NAME_TYPE","homePickup","destinationDropOff","destinationPickup","homeDropOff"
"19.5","Austin","Davies",222,"33RD","ST","913",532084126,6215,"WARNIMONT","AVE",53220,"Driver's Education Class","Event","07:04","10:49","14:36","16:50"
"19.13","Liam","Springer",935,"CASS","ST","38",532023413,6215,"WARNIMONT","AVE",53220,"Driver's Education Class","Event","08:32","10:48","14:43","16:23"
"6.13","Tim","Duncan",1434,"LINCOLN","AV","",532153144,2751,"LENOX","ST",53207,"Bay View High School","School","08:53","09:23","15:39","16:53"
"17.9","Jessica","Davidson",7470,"GLENBROOK","RD","317",532231132,9050,"SWAN","RD",53224,"Northwest YMCA","Sport","08:15","10:03","13:43","13:55"
"13.14","Dominic","Hardacre",6338,"20TH","ST","",532215255,2419,"KENWOOD","BLVD",53211,"Helene Zelazo Center for the Performing Arts","Band Rehearsal","09:38","10:02","16:21","16:02"
"11.5","Audrey","Alsop",1601,"BRADFORD","AV","",532110000,1532,"WELLS","ST",53233,"Jimmy Johns","Job","07:19","09:19","16:40","16:36"
"15.10","Blake","Abraham",1919,"SUMMIT","AV","4E",532021365,1111,"VEL R PHILLIPS","AVE",53203,"Fiserv Forum","Event","09:56","10:02","16:11","15:14"
"3.12","Chloe","Hemmings",5865,"64TH","ST","",532181919,4965,"20TH","ST",53221,"Ronal Reagan High School","School","07:47","09:26","15:00","17:57"
"13.17","Julian","Sharp",2477,"6TH","ST","",532153224,2419,"KENWOOD","BLVD",53211,"Helene Zelazo Center for the Performing Arts","Band Rehearsal","07:15","09:33","14:01","13:39"
"14.15","Nicholas","Murray",2744,"24TH","PL","",532061139,1641,"MILLER PARK","WAY",53214,"Culver's","Job","08:09","10:00","15:40","15:51"
"9.18","David","Reid",2337,"10TH","ST","",532063117,1818,"CANAL","ST",53233,"Marquette University Valley Fields","Sport","07:22","09:19","16:45","15:02"
"14.19","Joseph","Wilkins",9132,"DIXON","ST","203",532141351,1641,"MILLER PARK","WAY",53214,"Culver's","Job","08:44","10:50","16:55","15:05"
"19.2","Ryan","Murray",2619,"LOGAN","AV","",532071805,6215,"WARNIMONT","AVE",53220,"Driver's Education Class","Event","07:43","09:59","13:12","14:47"
"5.18","Thomas","Grant",3025,"55TH","ST","",532101564,517,"WISCONSIN","AVE",53202,"Milwaukee Federal Building","Job","09:09","10:13","14:31","17:59"
"20.9","Trevor","Hughes",8183,"107TH","ST","B",532242573,2520,"NATIONAL","AVE",53204,"McDonald's","Job","07:26","10:29","16:13","16:47"
"19.1","Stephen","McLean",3356,"11TH","ST","",532060000,6215,"WARNIMONT","AVE",53220,"Driver's Education Class","Event","07:27","10:14","15:11","16:57"
"19.15","Brian","Vaughan",8616,"CONGRESS","ST","4",532255117,6215,"WARNIMONT","AVE",53220,"Driver's Education Class","Event","07:46","10:51","14:13","17:32"
"3.4","John","Walsh",9341,"SILVER SPRING","DR","",532250000,4965,"20TH","ST",53221,"Ronal Reagan High School","School","09:20","09:09","14:36","16:25"
"10.1","Zoe","Hardacre",3609,"TUCKER","PL","105",532222709,3401,"WISCONSIN","AVE",53208,"Marquette University High School","School","08:16","09:03","13:06","16:32"
"11.13","Michael","Ogden",4042,"86TH","ST","",532221702,1532,"WELLS","ST",53233,"Jimmy Johns","Job","07:10","10:05","16:23","17:44"
"18.3","Jennifer","Oliver",3201,"FRATNEY","ST","",532120000,5130,"53RD","ST",53218,"Hampton Fieldhouse","Sport","07:20","09:28","13:07","13:51"
"20.12","Joanne","Howard",1809,"3RD","ST","",532044014,2520,"NATIONAL","AVE",53204,"McDonald's","Job","08:26","10:17","15:36","17:45"
"20.18","Rachel","Davidson",5253,"LOVERS LANE","RD","306",532253001,2520,"NATIONAL","AVE",53204,"McDonald's","Job","09:56","09:45","15:23","17:46"
"18.16","Felicity","Bailey",3026,"MITCHELL","ST","",532152119,5130,"53RD","ST",53218,"Hampton Fieldhouse","Sport","09:26","09:05","14:15","13:40"
"2.10","Justin","Butler",2904,"WISCONSIN","AV","",532080000,8400,"BURLEIGH","ST",53222,"Milwaukee School of Languages","School","08:37","09:05","16:56","17:15"
"10.12","Rose","Black",4436,"92ND","ST","3",532254804,3401,"WISCONSIN","AVE",53208,"Marquette University High School","School","07:13","10:55","16:18","16:50"
"8.5","Ryan","Mackay",5909,"41ST","ST","",532093930,6000,"RYAN","RD",53132,"Milwaukee County Sports Complex","Sport","08:23","09:27","15:25","16:02"
"17.17","Benjamin","Hardacre",4848,"14TH","ST","1",532212827,9050,"SWAN","RD",53224,"Northwest YMCA","Sport","08:01","09:01","13:33","14:41"
"9.6","Faith","Tucker",1420,"WARNIMONT","AV","21",532073517,1818,"CANAL","ST",53233,"Marquette University Valley Fields","Sport","09:04","09:26","16:29","13:18"
"16.10","Megan","Lambert",7300,"DEAN","RD","269",532232604,400,"KILBOURN","AVE",53203,"UW-Milwaukee Panther Arena","Event","08:32","09:06","15:18","14:47"
"14.12","Sarah","Rutherford",2219,"55TH","ST","",532081017,1641,"MILLER PARK","WAY",53214,"Culver's","Job","08:32","09:28","16:11","14:03"
"15.19","Lucas","Metcalfe",3730,"KAUL","AV","",532093641,1111,"VEL R PHILLIPS","AVE",53203,"Fiserv Forum","Event","08:38","09:48","13:06","14:17"
"8.2","Dan","Blake",826,"OTJEN","ST","",532071808,6000,"RYAN","RD",53132,"Milwaukee County Sports Complex","Sport","08:20","09:01","14:01","15:29"
"13.11","Paul","Buckland",3171,"HERMAN","ST","",532072849,2419,"KENWOOD","BLVD",53211,"Helene Zelazo Center for the Performing Arts","Band Rehearsal","07:15","09:43","16:01","13:17"
"1.1","Leah","Stewart",3738,"42ND","ST","",532163047,1801,"OLIVE","ST",53209,"Rufus King High School","School","09:47","10:10","16:19","16:56"
"16.4","Brian","Hudson",3122,"PALMER","ST","",532122050,400,"KILBOURN","AVE",53203,"UW-Milwaukee Panther Arena","Event","07:02","10:12","15:05","17:00"
"1.2","Benjamin","Murray",3737,"55TH","ST","",532162837,1801,"OLIVE","ST",53209,"Rufus King High School","School","08:14","09:31","15:33","13:48"
"4.15","Dylan","Kerr",9908,"BELOIT","RD","",532274237,4601,"84TH","ST",53225,"Hmong American Peace Academy","School","07:40","10:21","14:57","14:10"
"17.8","Harry","Hardacre",1728,"40TH","ST","",532081822,9050,"SWAN","RD",53224,"Northwest YMCA","Sport","07:17","10:52","15:19","17:59"
"12","Peter","Abraham",728,"24TH","ST","",532041001,2907,"OAKLAND","AVE",53211,"Blaze Pizza","Job","08:26","09:00","13:24","17:32"
"7.16","Virginia","Bell",3133,"25TH","ST","",532154416,5225,"LINCOLN CREEK","DR",53218,"Congress School","School","08:57","10:34","16:22","13:16"
"8.16","Irene","Martin",4240,"68TH","ST","",532161117,6000,"RYAN","RD",53132,"Milwaukee County Sports Complex","Sport","09:45","10:36","14:36","16:41"
"1.13","Molly","Jones",2536,"CRAMER","ST","",532113904,1801,"OLIVE","ST",53209,"Rufus King High School","School","08:05","09:08","16:05","15:10"
"18.7","Una","Walsh",4240,"75TH","ST","",532161002,5130,"53RD","ST",53218,"Hampton Fieldhouse","Sport","09:33","10:08","16:48","13:21"
"8.13","Jack","Kelly",411,"31ST","ST","",532084236,6000,"RYAN","RD",53132,"Milwaukee County Sports Complex","Sport","07:54","10:04","14:03","15:08"
"17.19","Steven","Gray",1363,"40TH","ST","24",532082858,9050,"SWAN","RD",53224,"Northwest YMCA","Sport","08:23","09:16","16:19","14:05"
"16.14","Warren","Bell",6220,"107TH","ST","",532251303,400,"KILBOURN","AVE",53203,"UW-Milwaukee Panther Arena","Event","07:25","09:33","15:36","14:27"
"12.5","Connor","North",2470,"15TH","ST","",532153133,2907,"OAKLAND","AVE",53211,"Blaze Pizza","Job","09:25","09:42","16:11","17:35"
"18.1","Audrey","Johnston",903,"KILBOURN","AV","63",532023421,5130,"53RD","ST",53218,"Hampton Fieldhouse","Sport","08:59","10:37","13:44","15:01"
"11.17","Austin","Reid",6808,"PARK MANOR","DR","",532244636,1532,"WELLS","ST",53233,"Jimmy Johns","Job","07:11","09:20","16:01","14:40"
"6.16","Rose","Campbell",9900,"BELOIT","RD","",532274237,2751,"LENOX","ST",53207,"Bay View High School","School","08:17","10:02","15:56","16:54"
"7.1","Maria","Knox",1246,"VAN BUREN","ST","",532022607,5225,"LINCOLN CREEK","DR",53218,"Congress School","School","08:11","10:31","16:00","13:19"
"7.18","Jessica","Roberts",3951,"10TH","ST","",532063320,5225,"LINCOLN CREEK","DR",53218,"Congress School","School","09:05","09:34","14:19","14:09"
"19.9","Alison","Piper",3137,"SHERMAN","BL","",532163544,6215,"WARNIMONT","AVE",53220,"Driver's Education Class","Event","08:58","09:52","13:13","17:59"
"18.17","Audrey","Anderson",1017,"37TH","ST","",532082815,5130,"53RD","ST",53218,"Hampton Fieldhouse","Sport","08:13","10:20","15:41","13:20"
"13.18","Jonathan","Stewart",2725,"HIGHLAND","BL","308",532083277,2419,"KENWOOD","BLVD",53211,"Helene Zelazo Center for the Performing Arts","Band Rehearsal","07:55","09:04","13:09","16:39"
"12.12","Kylie","Bailey",8610,"MELVINA","ST","F",532222848,2907,"OAKLAND","AVE",53211,"Blaze Pizza","Job","07:45","10:07","15:34","15:48"
"3.18","Thomas","McDonald",1236,"14TH","ST","",532052519,4965,"20TH","ST",53221,"Ronal Reagan High School","School","09:01","10:51","14:11","15:06"
"5.9","Benjamin","Jones",2768,"23RD","ST","",532061609,517,"WISCONSIN","AVE",53202,"Milwaukee Federal Building","Job","09:41","09:52","14:34","15:37"
"9.15","Emma","Bell",10313,"FOND DU LAC","AV","",532245503,1818,"CANAL","ST",53233,"Marquette University Valley Fields","Sport","09:32","10:52","16:41","17:57"
"12.9","Jennifer","Johnston",2517,"CENTER","ST","",532061154,2907,"OAKLAND","AVE",53211,"Blaze Pizza","Job","08:10","10:57","15:43","15:36"
"17.13","Richard","Knox",3700,"5TH","ST","",532124120,9050,"SWAN","RD",53224,"Northwest YMCA","Sport","07:14","10:21","15:52","17:53"
"13.16","Molly","Jackson",5227,"TEUTONIA","AV","",532094818,2419,"KENWOOD","BLVD",53211,"Helene Zelazo Center for the Performing Arts","Band Rehearsal","09:29","09:35","15:52","16:48"
"10.10","Jan","Mathis",825,"22ND","ST","211",532331608,3401,"WISCONSIN","AVE",53208,"Marquette University High School","School","07:13","09:25","13:54","16:30"
"15.5","Olivia","Wallace",2566,"FREDERICK","AV","",532114025,1111,"VEL R PHILLIPS","AVE",53203,"Fiserv Forum","Event","07:20","09:38","14:38","15:36"
"4.3","Jan","Morgan",2567,"52ND","ST","",532102730,4601,"84TH","ST",53225,"Hmong American Peace Academy","School","08:55","10:42","15:17","13:30"
"5.10","William","Parr",2443,"CRAMER","ST","24",532114314,517,"WISCONSIN","AVE",53202,"Milwaukee Federal Building","Job","07:57","09:07","16:31","16:57"
"20.10","Blake","Duncan",1075,"46TH","ST","",532083121,2520,"NATIONAL","AVE",53204,"McDonald's","Job","07:33","09:21","15:22","14:53"
"12.10","Benjamin","Walsh",4920,"74TH","ST","",532183821,2907,"OAKLAND","AVE",53211,"Blaze Pizza","Job","08:10","09:58","16:40","13:21"
"4.19","James","Wallace",2561,"15TH","ST","",532062002,4601,"84TH","ST",53225,"Hmong American Peace Academy","School","09:35","09:40","14:24","16:12"
"1.14","Jasmine","Cameron",5406,"24TH","ST","",532213710,1801,"OLIVE","ST",53209,"Rufus King High School","School","08:02","10:37","14:00","13:51"
"3.6","Sebastian","May",2119,"CLARKE","ST","",532061517,4965,"20TH","ST",53221,"Ronal Reagan High School","School","07:00","10:44","15:51","14:06"
"4.10","James","Payne",2620,"LENOX","ST","",532072131,4601,"84TH","ST",53225,"Hmong American Peace Academy","School","09:44","09:02","13:52","16:16"
"18.18","Steven","Walsh",3677,"82ND","ST","",532201025,5130,"53RD","ST",53218,"Hampton Fieldhouse","Sport","09:51","10:38","14:46","14:03"
"4.4","Katherine","Payne",3011,"MC KINLEY","BL","2",532082933,4601,"84TH","ST",53225,"Hmong American Peace Academy","School","08:28","09:48","15:47","14:58"
"12.13","Una","Cameron",3006,"HIGHLAND","BL","102",532083246,2907,"OAKLAND","AVE",53211,"Blaze Pizza","Job","08:23","10:20","15:41","14:17"
"19.3","Anne","Grant",8746,"CARMEN","AV","1",532252849,6215,"WARNIMONT","AVE",53220,"Driver's Education Class","Event","08:47","09:14","13:43","17:10"
"18.8","Peter","Reid",8719,"BRENTWOOD","AV","",532245305,5130,"53RD","ST",53218,"Hampton Fieldhouse","Sport","09:43","09:57","15:55","13:16"
"9.5","Justin","Gray",4413,"CAPITOL","DR","",532161540,1818,"CANAL","ST",53233,"Marquette University Valley Fields","Sport","07:31","10:51","14:18","13:59"
"1","Angela","Gray",2909,"15TH","PL","",532153718,1801,"OLIVE","ST",53209,"Rufus King High School","School","09:21","10:08","14:24","17:42"
"10.6","Dorothy","Vaughan",1633,"35TH","ST","",532080000,3401,"WISCONSIN","AVE",53208,"Marquette University High School","School","07:41","10:49","16:09","16:53"
"3.10","Yvonne","McDonald",4221,"6TH","ST","E10",532211761,4965,"20TH","ST",53221,"Ronal Reagan High School","School","08:43","10:30","14:27","17:09"
"6.14","Sam","Gibson",4431,"49TH","ST","",532185702,2751,"LENOX","ST",53207,"Bay View High School","School","09:31","10:15","14:07","14:26"
"11.4","Sally","Fraser",2122,"38TH","ST","",532081329,1532,"WELLS","ST",53233,"Jimmy Johns","Job","07:23","10:35","14:02","13:48"
"13.5","Rachel","Dowd",7515,"81ST","ST","",532230000,2419,"KENWOOD","BLVD",53211,"Helene Zelazo Center for the Performing Arts","Band Rehearsal","09:41","10:50","13:06","13:52"
"9.17","Lily","Butler",1237,"MADISON","ST","",532042220,1818,"CANAL","ST",53233,"Marquette University Valley Fields","Sport","08:21","09:19","15:37","15:14"
"4.13","Alexander","Randall",2917,"57TH","ST","",532101536,4601,"84TH","ST",53225,"Hmong American Peace Academy","School","09:40","09:23","15:59","14:59"
"2.8","Harry","Dowd",2246,"EDGERTON","AV","",532213531,8400,"BURLEIGH","ST",53222,"Milwaukee School of Languages","School","07:44","09:11","15:31","13:56"
"2.6","Adam","Thomson",2978,"60TH","ST","",532101401,8400,"BURLEIGH","ST",53222,"Milwaukee School of Languages","School","07:15","10:39","13:13","15:43"
"5.14","Bernadette","Reid",3418,"53RD","ST","",532163258,517,"WISCONSIN","AVE",53202,"Milwaukee Federal Building","Job","07:08","10:36","15:06","16:47"
"11.6","Paul","Newman",2546,"BRISBANE","AV","",532071502,1532,"WELLS","ST",53233,"Jimmy Johns","Job","09:56","09:33","13:21","13:46"
"17","Leah","Springer",623,"BURLEIGH","ST","",532122120,9050,"SWAN","RD",53224,"Northwest YMCA","Sport","08:27","09:53","14:04","15:00"
"17.5","Dylan","Roberts",3243,"13TH","ST","",532062766,9050,"SWAN","RD",53224,"Northwest YMCA","Sport","09:32","10:15","13:00","14:18"
"15.6","Isaac","Hudson",4638,"30TH","ST","",532096016,1111,"VEL R PHILLIPS","AVE",53203,"Fiserv Forum","Event","08:14","09:44","15:49","17:30"
"15.3","Fiona","MacDonald",6221,"BIRCH","AV","",532183135,1111,"VEL R PHILLIPS","AVE",53203,"Fiserv Forum","Event","08:28","09:45","16:11","13:45"
"12.3","Isaac","Dickens",3105,"GRANT","ST","",532152448,2907,"OAKLAND","AVE",53211,"Blaze Pizza","Job","07:33","10:49","13:32","17:14"
"6.1","Deirdre","Terry",8315,"OKLAHOMA","AV","4",532193531,2751,"LENOX","ST",53207,"Bay View High School","School","09:16","09:46","15:23","17:15"
"17.6","Christopher","Scott",1931,"KENWOOD","BL","",532113007,9050,"SWAN","RD",53224,"Northwest YMCA","Sport","07:54","09:08","14:26","13:22"
"12.4","Carolyn","White",8243,"ACACIA","ST","",532235525,2907,"OAKLAND","AVE",53211,"Blaze Pizza","Job","07:29","10:24","15:42","16:53"
"16.19","Chloe","Kelly",231,"80TH","ST","",532141420,400,"KILBOURN","AVE",53203,"UW-Milwaukee Panther Arena","Event","07:05","10:23","14:27","14:33"
"10.7","Joan","Thomson",7074,"BECKETT","AV","",532162048,3401,"WISCONSIN","AVE",53208,"Marquette University High School","School","07:24","09:11","16:12","13:58"
"16.7","Nicholas","Mackay",1224,"45TH","ST","",532082735,400,"KILBOURN","AVE",53203,"UW-Milwaukee Panther Arena","Event","07:31","09:04","16:56","13:43"
"15.18","Ryan","Fisher",3172,"40TH","ST","",532163611,1111,"VEL R PHILLIPS","AVE",53203,"Fiserv Forum","Event","08:33","09:48","14:55","16:37"
"6.15","Sonia","Edmunds",2458,"9TH","ST","",532153210,2751,"LENOX","ST",53207,"Bay View High School","School","09:26","09:01","13:18","15:25"
"14.18","Piers","Ross",2059,"36TH","ST","",532152001,1641,"MILLER PARK","WAY",53214,"Culver's","Job","07:20","10:08","13:32","15:08"
"16.5","Peter","Hamilton",3747,"63RD","ST","",532162136,400,"KILBOURN","AVE",53203,"UW-Milwaukee Panther Arena","Event","09:40","10:53","16:34","16:10"
"18.10","Paul","Underwood",311,"LOCUST","ST","",532122344,5130,"53RD","ST",53218,"Hampton Fieldhouse","Sport","08:43","09:41","15:51","13:52"
"11.14","Harry","Ellison",327,"DOVER","ST","",532072003,1532,"WELLS","ST",53233,"Jimmy Johns","Job","07:26","09:29","16:29","13:37"
"16.2","Ava","Rutherford",2818,"50TH","ST","",532101653,400,"KILBOURN","AVE",53203,"UW-Milwaukee Panther Arena","Event","09:42","10:05","16:36","16:24"
"16.8","Lisa","North",138,"PLEASANT","ST","",532120000,400,"KILBOURN","AVE",53203,"UW-Milwaukee Panther Arena","Event","07:45","09:14","14:54","17:01"
"9.16","Cameron","Watson",3023,"DOWNER","AV","",532113337,1818,"CANAL","ST",53233,"Marquette University Valley Fields","Sport","07:27","09:45","13:16","15:01"
"13.1","Piers","Reid",6508,"CARMEN","AV","",532182313,2419,"KENWOOD","BLVD",53211,"Helene Zelazo Center for the Performing Arts","Band Rehearsal","09:18","09:39","15:52","17:02"
"11.16","Edward","McLean",5232,"34TH","ST","",532094702,1532,"WELLS","ST",53233,"Jimmy Johns","Job","07:41","10:53","14:05","17:06"
"7.9","Ruth","Rutherford",5040,"49TH","ST","",532180000,5225,"LINCOLN CREEK","DR",53218,"Congress School","School","07:54","10:49","14:18","17:21"
"18.15","Brian","Berry",2970,"44TH","ST","",532193406,5130,"53RD","ST",53218,"Hampton Fieldhouse","Sport","08:33","10:31","14:32","15:15"
"17.15","Alexandra","Scott",1421,"WRIGHT","ST","",532060000,9050,"SWAN","RD",53224,"Northwest YMCA","Sport","08:00","10:30","14:19","13:42"
"20.13","Justin","McLean",3934,"36TH","ST","",532162509,2520,"NATIONAL","AVE",53204,"McDonald's","Job","07:27","10:59","13:23","17:26"
"6","Emily","Metcalfe",3223,"BUFFUM","ST","",532122151,2751,"LENOX","ST",53207,"Bay View High School","School","07:47","10:09","15:19","14:37"
"9.12","Warren","Edmunds",2485,"7TH","ST","",532153226,1818,"CANAL","ST",53233,"Marquette University Valley Fields","Sport","08:03","09:25","16:01","14:41"
"19.19","Edward","Gill",4118,"83RD","ST","",532221806,6215,"WARNIMONT","AVE",53220,"Driver's Education Class","Event","08:44","09:16","15:04","17:07"
"5.19","Matt","Reid",4025,"60TH","ST","2",532161246,517,"WISCONSIN","AVE",53202,"Milwaukee Federal Building","Job","09:25","10:35","14:05","16:02"
"16.17","Andrew","Clark",2230,"LAYTON","AV","221",532212791,400,"KILBOURN","AVE",53203,"UW-Milwaukee Panther Arena","Event","09:48","10:57","14:46","16:23"
"8.19","Phil","Langdon",4208,"FAIRMOUNT","AV","",532090000,6000,"RYAN","RD",53132,"Milwaukee County Sports Complex","Sport","09:30","10:57","16:34","16:18"
"9.3","Nicholas","Lambert",1444,"WALNUT","ST","",532051635,1818,"CANAL","ST",53233,"Marquette University Valley Fields","Sport","07:22","09:15","16:41","14:20"
"10.18","Amelia","McGrath",3151,"PALMER","ST","",532122049,3401,"WISCONSIN","AVE",53208,"Marquette University High School","School","08:56","10:14","15:05","16:08"
"6.8","Joshua","Dickens",3155,"77TH","ST","326",532193708,2751,"LENOX","ST",53207,"Bay View High School","School","09:04","10:42","16:03","15:33"
"19.6","Elizabeth","Underwood",4660,"40TH","ST","",532095810,6215,"WARNIMONT","AVE",53220,"Driver's Education Class","Event","07:05","09:16","16:04","16:00"
"14.2","Tracey","Reid",2238,"MOUND","ST","",532071334,1641,"MILLER PARK","WAY",53214,"Culver's","Job","09:45","09:44","16:21","17:06"
"17.14","Jessica","Young",1922,"PALMER","ST","3",532123720,9050,"SWAN","RD",53224,"Northwest YMCA","Sport","08:26","09:18","16:45","15:36"
"10.16","Molly","Dickens",2238,"FARWELL","AV","",532021117,3401,"WISCONSIN","AVE",53208,"Marquette University High School","School","07:47","09:53","14:41","13:38"
"13.3","Blake","Buckland",2439,"SCOTT","ST","",532041932,2419,"KENWOOD","BLVD",53211,"Helene Zelazo Center for the Performing Arts","Band Rehearsal","09:34","09:58","15:25","15:27"
"9.2","Diane","Quinn",2365,"1ST","ST","3",532123223,1818,"CANAL","ST",53233,"Marquette University Valley Fields","Sport","07:41","10:54","13:52","16:05"
"9.9","Joanne","Baker",3501,"FOREST HOME","AV","",532150000,1818,"CANAL","ST",53233,"Marquette University Valley Fields","Sport","09:22","10:48","16:26","17:35"
"13.10","Bella","Bond",1626,"PROSPECT","AV","503",532022417,2419,"KENWOOD","BLVD",53211,"Helene Zelazo Center for the Performing Arts","Band Rehearsal","08:56","10:52","16:42","13:28"
"12.6","Trevor","Martin",1821,"KENWOOD","BL","",532113006,2907,"OAKLAND","AVE",53211,"Blaze Pizza","Job","08:16","10:32","15:20","17:08"
"15.4","Amelia","Fisher",3136,"48TH","ST","",532163342,1111,"VEL R PHILLIPS","AVE",53203,"Fiserv Forum","Event","07:17","09:11","15:38","13:39"
"15.7","Melanie","Lambert",923,"18TH","ST","3",532041128,1111,"VEL R PHILLIPS","AVE",53203,"Fiserv Forum","Event","07:00","09:01","13:15","14:32"
"2.9","Lisa","Buckland",1339,"MC KINLEY","AV","",532052536,8400,"BURLEIGH","ST",53222,"Milwaukee School of Languages","School","08:35","09:40","13:58","17:16"
"11","Eric","King",10213,"FOND DU LAC","AV","127",532245171,1532,"WELLS","ST",53233,"Jimmy Johns","Job","08:34","09:29","15:02","17:36"
"14.8","Brian","Young",3375,"98TH","ST","",532274213,1641,"MILLER PARK","WAY",53214,"Culver's","Job","07:38","10:35","15:03","13:38"
"2.18","Neil","Martin",2540,"46TH","ST","",532102920,8400,"BURLEIGH","ST",53222,"Milwaukee School of Languages","School","09:09","09:59","16:03","15:53"
"2","Kylie","Vance",1348,"44TH","ST","31",532082732,8400,"BURLEIGH","ST",53222,"Milwaukee School of Languages","School","09:53","10:01","14:04","13:27"
"6.19","Dominic","Slater",2647,"9TH","PL","",532153427,2751,"LENOX","ST",53207,"Bay View High School","School","08:33","09:08","15:45","14:29"
"14.1","Michael","Ferguson",1824,"22ND","ST","",532050000,1641,"MILLER PARK","WAY",53214,"Culver's","Job","07:31","09:41","15:13","14:08"
"19.8","Victoria","Jones",2616,"FREDERICK","AV","108",532113602,6215,"WARNIMONT","AVE",53220,"Driver's Education Class","Event","08:41","10:30","14:43","15:56"
"11.8","Benjamin","Watson",5767,"42ND","ST","",532093960,1532,"WELLS","ST",53233,"Jimmy Johns","Job","09:16","09:46","16:26","13:33"
"3.3","Michael","Taylor",8955,"70TH","ST","",532232151,4965,"20TH","ST",53221,"Ronal Reagan High School","School","09:00","09:00","13:26","15:19"
"12.19","Boris","Scott",1619,"30TH","ST","",532151942,2907,"OAKLAND","AVE",53211,"Blaze Pizza","Job","07:40","10:26","14:15","15:52"
"16.13","Andrea","Jones",1913,"52ND","ST","",532081753,400,"KILBOURN","AVE",53203,"UW-Milwaukee Panther Arena","Event","08:02","10:06","15:57","15:48"
"2.17","Dan","Avery",2423,"FRATNEY","ST","",532122932,8400,"BURLEIGH","ST",53222,"Milwaukee School of Languages","School","07:57","09:08","15:11","14:27"
"9.19","Jacob","Graham",2101,"ST PAUL","AV","",532332560,1818,"CANAL","ST",53233,"Marquette University Valley Fields","Sport","09:42","09:41","13:43","14:02"
"5","Luke","Grant",2729,"RICHARDS","ST","",532120000,517,"WISCONSIN","AVE",53202,"Milwaukee Federal Building","Job","07:35","09:49","15:43","16:42"
"10.13","Carolyn","Rampling",5425,"FOREST HOME","AV","1",532201412,3401,"WISCONSIN","AVE",53208,"Marquette University High School","School","09:02","09:37","13:25","14:13"
"5.17","Dan","Dowd",7611,"WABASH","CT","3",532232538,517,"WISCONSIN","AVE",53202,"Milwaukee Federal Building","Job","07:24","10:28","14:09","16:02"
"19.11","Boris","Gibson",7713,"SHERIDAN","AV","A",532182638,6215,"WARNIMONT","AVE",53220,"Driver's Education Class","Event","07:19","09:46","15:53","17:35"
"17.16","Leah","McDonald",3846,"52ND","ST","",532162308,9050,"SWAN","RD",53224,"Northwest YMCA","Sport","07:16","10:14","13:10","14:14"
"3.5","Yvonne","Jackson",10524,"VILLARD","AV","",532253939,4965,"20TH","ST",53221,"Ronal Reagan High School","School","09:44","10:14","13:26","17:12"
"1.7","Edward","Turner",1824,"THOMAS","AV","",532114358,1801,"OLIVE","ST",53209,"Rufus King High School","School","07:49","10:36","14:40","14:43"
"2.12","Wanda","MacDonald",1953,"20TH","ST","",532051554,8400,"BURLEIGH","ST",53222,"Milwaukee School of Languages","School","09:39","10:18","15:23","14:08"
"14.16","David","Langdon",2039,"15TH","PL","",532043704,1641,"MILLER PARK","WAY",53214,"Culver's","Job","09:19","10:21","13:47","15:42"
"16.1","Carl","Hodges",1626,"PROSPECT","AV","808",532022422,400,"KILBOURN","AVE",53203,"UW-Milwaukee Panther Arena","Event","09:23","09:49","15:00","14:07"
"7.11","Jason","Ferguson",2579,"TERRACE","AV","",532113821,5225,"LINCOLN CREEK","DR",53218,"Congress School","School","07:37","10:19","16:17","14:18"
"8.3","Owen","Jones",1958,"24TH","ST","",532043613,6000,"RYAN","RD",53132,"Milwaukee County Sports Complex","Sport","07:08","09:03","13:22","17:47"
"20.4","Blake","Stewart",3739,"40TH","ST","",532163026,2520,"NATIONAL","AVE",53204,"McDonald's","Job","07:07","10:37","14:52","14:10"
"7.6","Evan","Alsop",1925,"49TH","ST","",532081735,5225,"LINCOLN CREEK","DR",53218,"Congress School","School","07:51","09:09","16:31","17:52"
"3.2","Sebastian","Oliver",4941,"57TH","ST","",532184241,4965,"20TH","ST",53221,"Ronal Reagan High School","School","08:02","10:48","14:44","17:40"
"6.5","Emma","Simpson",7841,"VAN BECK","AV","",532202227,2751,"LENOX","ST",53207,"Bay View High School","School","09:12","09:08","14:06","14:17"
"14.13","Sonia","Short",2257,"SUMMIT","AV","",532021245,1641,"MILLER PARK","WAY",53214,"Culver's","Job","07:45","09:22","13:13","14:57"
"16.11","Robert","Robertson",4719,"48TH","ST","",532185122,400,"KILBOURN","AVE",53203,"UW-Milwaukee Panther Arena","Event","08:33","10:33","16:32","13:42"
"12.14","Alan","Ross",7342,"BECKETT","AV","",532161010,2907,"OAKLAND","AVE",53211,"Blaze Pizza","Job","09:16","09:24","13:35","17:22"
"9.7","Chloe","Morrison",2503,"4TH","ST","",532122713,1818,"CANAL","ST",53233,"Marquette University Valley Fields","Sport","08:54","09:48","14:16","17:58"
"19.10","Anthony","Butler",1229,"33RD","ST","",532080000,6215,"WARNIMONT","AVE",53220,"Driver's Education Class","Event","07:36","09:53","15:43","15:58"
"12.8","Alison","Buckland",178,"90TH","ST","",532264510,2907,"OAKLAND","AVE",53211,"Blaze Pizza","Job","09:58","10:12","14:07","16:03"
"6.9","Melanie","Mathis",2323,"EUCLID","AV","",532072903,2751,"LENOX","ST",53207,"Bay View High School","School","07:00","10:09","14:41","16:34"
"5.16","Gabrielle","Skinner",1104,"VAN BUREN","ST","8",532023220,517,"WISCONSIN","AVE",53202,"Milwaukee Federal Building","Job","07:37","09:07","14:57","15:58"
"20.3","Anna","Welch",7901,"GLENBROOK","RD","245",532231027,2520,"NATIONAL","AVE",53204,"McDonald's","Job","08:54","09:21","13:57","14:01"
"10.4","Theresa","Miller",6087,"37TH","ST","",532093662,3401,"WISCONSIN","AVE",53208,"Marquette University High School","School","07:03","09:35","14:26","15:46"
"7.12","Julia","MacDonald",3835,"HUMBOLDT","BL","1",532121311,5225,"LINCOLN CREEK","DR",53218,"Congress School","School","07:04","09:45","13:16","15:37"
"15.9","Hannah","Bailey",1107,"SCOTT","ST","",532042228,1111,"VEL R PHILLIPS","AVE",53203,"Fiserv Forum","Event","08:49","10:25","14:26","17:37"
"14.7","Wanda","Wright",1510,"MAPLEWOOD","CT","",532214350,1641,"MILLER PARK","WAY",53214,"Culver's","Job","08:42","09:15","16:55","15:23"
"11.1","Joshua","Hughes",502,"PLAINFIELD","AV","",532075151,1532,"WELLS","ST",53233,"Jimmy Johns","Job","07:44","09:51","13:45","15:15"
"10.8","Karen","Langdon",10165,"GRANTOSA","DR","",532221316,3401,"WISCONSIN","AVE",53208,"Marquette University High School","School","09:45","09:03","16:29","13:36"
"4.9","Sarah","Roberts",6683,"80TH","ST","",532235564,4601,"84TH","ST",53225,"Hmong American Peace Academy","School","09:01","09:54","13:27","17:39"
"3.16","Nicholas","Lewis",528,"62ND","ST","",532141852,4965,"20TH","ST",53221,"Ronal Reagan High School","School","08:56","10:35","13:46","14:44"
"9","Gabrielle","Wallace",6740,"19TH","ST","",532215221,1818,"CANAL","ST",53233,"Marquette University Valley Fields","Sport","07:37","09:56","15:55","15:12"
"11.15","Edward","Hunter",2536,"STATE","ST","",532330000,1532,"WELLS","ST",53233,"Jimmy Johns","Job","08:26","09:28","14:04","15:07"
"14.10","Rose","Hunter",4523,"TAYLOR","AV","",532075229,1641,"MILLER PARK","WAY",53214,"Culver's","Job","09:57","10:46","13:50","16:32"
"9.8","Abigail","Terry",3636,"15TH","ST","",532211604,1818,"CANAL","ST",53233,"Marquette University Valley Fields","Sport","09:58","09:15","15:19","16:03"
"16.12","Dominic","Springer",8035,"CRAWFORD","AV","",532201637,400,"KILBOURN","AVE",53203,"UW-Milwaukee Panther Arena","Event","08:21","09:32","13:20","13:57"
"4","Piers","Knox",8667,"GRANVILLE","RD","",532240000,4601,"84TH","ST",53225,"Hmong American Peace Academy","School","09:08","10:45","14:53","14:52"
"3","Samantha","Brown",2942,"16TH","ST","",532153723,4965,"20TH","ST",53221,"Ronal Reagan High School","School","07:56","10:30","14:13","15:56"
"13","Sarah","Mackenzie",3145,"11TH","ST","",532062748,2419,"KENWOOD","BLVD",53211,"Helene Zelazo Center for the Performing Arts","Band Rehearsal","09:30","09:11","16:33","16:51"
"12.11","Alexander","Bower",1003,"NORTH","AV","",532051332,2907,"OAKLAND","AVE",53211,"Blaze Pizza","Job","08:18","10:37","13:50","17:27"
"11.7","Brian","Jackson",3824,"58TH","ST","",532202055,1532,"WELLS","ST",53233,"Jimmy Johns","Job","09:59","10:43","15:05","16:45"
"20.16","Alison","Gibson",8065,"107TH","ST","",532242507,2520,"NATIONAL","AVE",53204,"McDonald's","Job","09:25","09:14","13:03","15:19"
"1.10","Maria","MacLeod",8850,"POTOMAC","AV","",532254132,1801,"OLIVE","ST",53209,"Rufus King High School","School","08:27","09:16","15:06","13:20"
"14.14","Christopher","Hudson",3728,"22ND","ST","",532061839,1641,"MILLER PARK","WAY",53214,"Culver's","Job","08:36","10:05","14:32","17:31"
"2.2","Virginia","Davidson",7916,"HAMPTON","AV","",532184610,8400,"BURLEIGH","ST",53222,"Milwaukee School of Languages","School","08:01","09:07","13:00","13:50"
"8.10","Grace","Wilkins",2501,"23RD","ST","",532061527,6000,"RYAN","RD",53132,"Milwaukee County Sports Complex","Sport","07:09","09:59","15:15","17:59"
"8.6","Julian","Coleman",4911,"57TH","ST","",532184241,6000,"RYAN","RD",53132,"Milwaukee County Sports Complex","Sport","08:22","09:00","14:47","13:33"
"18.13","Virginia","Stewart",2666,"4TH","ST","",532120000,5130,"53RD","ST",53218,"Hampton Fieldhouse","Sport","08:29","10:41","15:27","17:10"
"6.2","Madeleine","Simpson",3941,"69TH","ST","",532202409,2751,"LENOX","ST",53207,"Bay View High School","School","07:50","09:07","13:12","14:56"
"11.12","Grace","Reid",5658,"65TH","ST","",532182326,1532,"WELLS","ST",53233,"Jimmy Johns","Job","09:19","10:38","15:36","15:09"
"5.7","Yvonne","Harris",1020,"35TH","ST","",532151408,517,"WISCONSIN","AVE",53202,"Milwaukee Federal Building","Job","07:54","10:04","14:17","17:50"
"13.12","Frank","Brown",7818,"FIEBRANTZ","AV","",532222021,2419,"KENWOOD","BLVD",53211,"Helene Zelazo Center for the Performing Arts","Band Rehearsal","08:32","09:59","13:38","15:48"
"5.6","Amelia","MacDonald",2962,"89TH","ST","",532224606,517,"WISCONSIN","AVE",53202,"Milwaukee Federal Building","Job","08:26","09:02","13:50","16:14"
"13.15","Theresa","Reid",2239,"34TH","ST","",532080000,2419,"KENWOOD","BLVD",53211,"Helene Zelazo Center for the Performing Arts","Band Rehearsal","09:18","10:06","14:29","14:49"
"5.13","Ian","Campbell",3831,"BIRCHWOOD","AV","",532213931,517,"WISCONSIN","AVE",53202,"Milwaukee Federal Building","Job","07:29","10:26","15:41","13:44"
"3.8","Simon","Churchill",6700,"MARION","ST","",532161142,4965,"20TH","ST",53221,"Ronal Reagan High School","School","08:19","09:28","13:37","17:55"
"3.9","Lily","Thomson",3650,"15TH","ST","",532062303,4965,"20TH","ST",53221,"Ronal Reagan High School","School","08:34","10:37","14:36","16:25"
"17.12","Donna","Turner",5018,"85TH","ST","",532254211,9050,"SWAN","RD",53224,"Northwest YMCA","Sport","08:25","09:50","14:03","13:15"
"7.2","Grace","Baker",3358,"DOWNER","AV","",532112933,5225,"LINCOLN CREEK","DR",53218,"Congress School","School","08:34","10:07","14:23","14:59"
"14.11","Brian","Baker",1734,"6TH","ST","",532043502,1641,"MILLER PARK","WAY",53214,"Culver's","Job","09:03","09:18","13:27","15:46"
"1.11","Chloe","Skinner",2916,"11TH","ST","",532060000,1801,"OLIVE","ST",53209,"Rufus King High School","School","08:03","09:23","14:10","15:53"
"5.3","Max","Martin",3503,"34TH","ST","",532210000,517,"WISCONSIN","AVE",53202,"Milwaukee Federal Building","Job","09:31","09:20","13:31","15:50"
"8.15","Simon","Ball",2331,"PIERCE","ST","",532041069,6000,"RYAN","RD",53132,"Milwaukee County Sports Complex","Sport","09:45","10:40","14:49","15:51"
"17.4","Theresa","Kerr",1686,"VAN BUREN","ST","",532022018,9050,"SWAN","RD",53224,"Northwest YMCA","Sport","07:19","09:13","15:56","16:01"
"15.17","Sally","Clarkson",2530,"VICTORY","LA","3",532096133,1111,"VEL R PHILLIPS","AVE",53203,"Fiserv Forum","Event","07:37","09:32","13:12","13:32"
"20.8","Oliver","Clarkson",1113,"15TH","ST","",532330000,2520,"NATIONAL","AVE",53204,"McDonald's","Job","08:27","10:35","14:34","13:32"
"9.1","Sean","Clark",8896,"96TH","ST","6",532242074,1818,"CANAL","ST",53233,"Marquette University Valley Fields","Sport","07:58","09:35","16:21","17:30"
"5.8","Bernadette","Martin",1200,"SINGER","CR","13",532121872,517,"WISCONSIN","AVE",53202,"Milwaukee Federal Building","Job","08:24","10:44","14:35","16:01"
"10.15","Benjamin","Sanderson",6926,"CONGRESS","ST","",532185413,3401,"WISCONSIN","AVE",53208,"Marquette University High School","School","08:45","09:04","14:49","17:10"
"18.12","Gabrielle","McDonald",3138,"67TH","CT","",532194110,5130,"53RD","ST",53218,"Hampton Fieldhouse","Sport","07:40","09:40","16:49","15:58"
"9.10","Trevor","Butler",1421,"ARTHUR","AV","",532153350,1818,"CANAL","ST",53233,"Marquette University Valley Fields","Sport","09:12","09:37","16:06","14:50"
"3.15","Ryan","Gill",1226,"21ST","ST","",532042024,4965,"20TH","ST",53221,"Ronal Reagan High School","School","07:27","09:15","14:54","17:30"
"12.17","Edward","Chapman",2547,"OAKLAND","AV","",532113931,2907,"OAKLAND","AVE",53211,"Blaze Pizza","Job","09:05","09:44","16:56","13:34"
"3.13","Trevor","Wright",3387,"KINNICKINNIC","AV","C",532073121,4965,"20TH","ST",53221,"Ronal Reagan High School","School","07:47","09:55","14:10","16:34"
"15.8","Megan","Jones",5733,"FOUNTAIN","AV","",532234227,1111,"VEL R PHILLIPS","AVE",53203,"Fiserv Forum","Event","08:16","09:05","13:43","13:30"
"1.8","Gordon","Pullman",1747,"29TH","ST","",532152205,1801,"OLIVE","ST",53209,"Rufus King High School","School","09:09","10:58","16:05","17:22"
"17.11","Julia","Ogden",2837,"7TH","ST","",532153907,9050,"SWAN","RD",53224,"Northwest YMCA","Sport","08:25","10:49","16:28","17:09"
"3.19","Liam","Scott",1930,"HOWARD","AV","",532211930,4965,"20TH","ST",53221,"Ronal Reagan High School","School","08:00","10:57","14:15","14:03"
"16.9","Jonathan","Manning",6700,"APPLETON","AV","335",532162750,400,"KILBOURN","AVE",53203,"UW-Milwaukee Panther Arena","Event","07:43","09:20","16:39","17:07"
"3.11","Rose","Rutherford",2408,"10TH","ST","",532153249,4965,"20TH","ST",53221,"Ronal Reagan High School","School","07:38","09:05","16:39","15:23"
"17.3","Trevor","Peters",2929,"PALMER","ST","",532122428,9050,"SWAN","RD",53224,"Northwest YMCA","Sport","07:43","09:17","16:13","14:26"
"17.1","Sally","Forsyth",2705,"46TH","ST","",532193207,9050,"SWAN","RD",53224,"Northwest YMCA","Sport","08:41","09:43","14:24","15:59"
"12.2","Olivia","Henderson",1822,"10TH","ST","",532043303,2907,"OAKLAND","AVE",53211,"Blaze Pizza","Job","09:08","10:05","15:42","16:29"
"20.14","Sophie","Buckland",1612,"31ST","ST","",532151933,2520,"NATIONAL","AVE",53204,"McDonald's","Job","07:19","10:52","14:04","16:08"
"8.1","Ruth","Randall",5409,"15TH","PL","",532214326,6000,"RYAN","RD",53132,"Milwaukee County Sports Complex","Sport","08:33","10:16","16:49","16:26"
"18.11","Evan","Lawrence",8430,"MORGAN","AV","8",532281518,5130,"53RD","ST",53218,"Hampton Fieldhouse","Sport","09:33","09:58","13:29","14:24"
"4.7","Stewart","Wright",5646,"24TH","ST","",532214214,4601,"84TH","ST",53225,"Hmong American Peace Academy","School","09:08","09:10","14:17","17:46"
"16.16","Madeleine","Duncan",1633,"ARLINGTON","PL","402",532022279,400,"KILBOURN","AVE",53203,"UW-Milwaukee Panther Arena","Event","07:56","10:53","15:30","17:40"
"10","Wendy","Morrison",2210,"ALLIS","ST","",532071321,3401,"WISCONSIN","AVE",53208,"Marquette University High School","School","07:20","09:41","13:58","16:34"
"16","Dan","Scott",2379,"58TH","ST","",532102209,400,"KILBOURN","AVE",53203,"UW-Milwaukee Panther Arena","Event","08:43","09:44","16:42","14:32"
"2.13","Chloe","Powell",5416,"42ND","ST","",532094627,8400,"BURLEIGH","ST",53222,"Milwaukee School of Languages","School","09:29","10:14","15:22","17:52"
"5.5","Bella","Young",1550,"PEARL","ST","",532042728,517,"WISCONSIN","AVE",53202,"Milwaukee Federal Building","Job","08:33","10:27","14:26","13:30"
"4.14","Ian","Cameron",1818,"12TH","ST","",532051723,4601,"84TH","ST",53225,"Hmong American Peace Academy","School","09:04","09:23","15:26","16:05"
"2.4","Hannah","James",9060,"95TH","ST","",532246705,8400,"BURLEIGH","ST",53222,"Milwaukee School of Languages","School","08:29","10:10","15:24","16:22"
"11.2","Joe","Ellison",3069,"38TH","ST","4",532153521,1532,"WELLS","ST",53233,"Jimmy Johns","Job","08:03","10:41","16:31","16:55"
"20.7","Jason","Harris",7919,"MORGAN","AV","4",532201007,2520,"NATIONAL","AVE",53204,"McDonald's","Job","09:53","10:59","15:31","16:47"
"19.7","Harry","Allan",2612,"9TH","ST","",532063115,6215,"WARNIMONT","AVE",53220,"Driver's Education Class","Event","09:46","09:01","16:27","17:14"
"16.18","Stephen","Watson",3410,"7TH","ST","",532121451,400,"KILBOURN","AVE",53203,"UW-Milwaukee Panther Arena","Event","07:36","10:38","16:41","17:10"
"11.11","Wanda","Brown",2812,"53RD","ST","",532101613,1532,"WELLS","ST",53233,"Jimmy Johns","Job","09:51","09:24","15:16","15:28"
"2.19","Sonia","Arnold",2868,"DELAWARE","AV","",532072560,8400,"BURLEIGH","ST",53222,"Milwaukee School of Languages","School","09:37","09:13","15:59","14:04"
"4.18","Eric","Wallace",10955,"CAMERON","AV","",532253814,4601,"84TH","ST",53225,"Hmong American Peace Academy","School","09:05","10:22","14:34","17:55"
"1.3","Andrew","Powell",7771,"BECKETT","AV","",532185317,1801,"OLIVE","ST",53209,"Rufus King High School","School","08:32","09:32","13:33","15:09"
"15.16","Wanda","MacLeod",3806,"18TH","ST","",532211556,1111,"VEL R PHILLIPS","AVE",53203,"Fiserv Forum","Event","08:26","10:38","16:46","16:53"
"1.15","Deirdre","Abraham",2925,"60TH","ST","",532101402,1801,"OLIVE","ST",53209,"Rufus King High School","School","07:36","10:17","13:58","13:41"
"4.17","Julian","Watson",8853,"SWAN","RD","",532242055,4601,"84TH","ST",53225,"Hmong American Peace Academy","School","07:18","10:03","13:05","17:30"
"5.1","John","Vance",1565,"RAMSEY","AV","",532210000,517,"WISCONSIN","AVE",53202,"Milwaukee Federal Building","Job","08:25","09:03","13:54","17:03"
"20","Adrian","Grant",1511,"38TH","ST","",532082329,2520,"NATIONAL","AVE",53204,"McDonald's","Job","07:56","09:34","13:56","16:14"
"15.2","Alexandra","Parr",1724,"2ND","ST","",532044007,1111,"VEL R PHILLIPS","AVE",53203,"Fiserv Forum","Event","09:19","09:04","15:13","16:16"
"1.17","Lucas","Allan",2314,"WELLS","ST","1",532331819,1801,"OLIVE","ST",53209,"Rufus King High School","School","09:42","10:47","15:39","17:32"
"12.1","Jason","Davidson",2168,"17TH","ST","",532150000,2907,"OAKLAND","AVE",53211,"Blaze Pizza","Job","08:00","09:15","14:59","17:08"
"16.6","Angela","Bond",6845,"FOND DU LAC","AV","",532183918,400,"KILBOURN","AVE",53203,"UW-Milwaukee Panther Arena","Event","09:28","09:06","13:27","15:37"
"4.8","Alexander","Parr",3300,"DELAWARE","AV","",532073704,4601,"84TH","ST",53225,"Hmong American Peace Academy","School","07:39","09:43","15:34","16:42"
"1.18","Megan","Taylor",2114,"SUMMIT","AV","12",532021322,1801,"OLIVE","ST",53209,"Rufus King High School","School","09:17","10:23","15:30","16:57"
"18.9","Jason","Jones",9001,"CONCORDIA","AV","",532223637,5130,"53RD","ST",53218,"Hampton Fieldhouse","Sport","08:40","10:47","14:01","14:32"
"2.7","Brian","Terry",104,"CLIFFORD","ST","",532071530,8400,"BURLEIGH","ST",53222,"Milwaukee School of Languages","School","08:16","09:29","13:56","16:38"
"11.18","Phil","Pullman",1340,"HOLMES","AV","1",532213574,1532,"WELLS","ST",53233,"Jimmy Johns","Job","09:30","09:47","14:24","15:57"
"7.13","Abigail","Fraser",2675,"68TH","ST","2",532192617,5225,"LINCOLN CREEK","DR",53218,"Congress School","School","07:51","10:14","14:13","17:29"
"19.16","Brandon","Rutherford",3032,"PIERCE","ST","2",532151266,6215,"WARNIMONT","AVE",53220,"Driver's Education Class","Event","08:24","10:07","16:04","13:23"
"16.3","Abigail","Pullman",6101,"AVALON","ST","",532215104,400,"KILBOURN","AVE",53203,"UW-Milwaukee Panther Arena","Event","09:20","09:04","13:54","16:28"
"18.2","Sean","Sutherland",1344,"40TH","ST","",532082842,5130,"53RD","ST",53218,"Hampton Fieldhouse","Sport","07:14","09:56","14:50","16:32"
"18.19","Deirdre","Burgess",2400,"BRADFORD","AV","302",532114166,5130,"53RD","ST",53218,"Hampton Fieldhouse","Sport","08:11","10:53","16:21","15:57"
"6.11","Faith","Buckland",6447,"BIRCH","AV","",532183032,2751,"LENOX","ST",53207,"Bay View High School","School","07:17","09:28","14:01","17:12"
"7.17","Eric","Powell",3725,"52ND","ST","",532162938,5225,"LINCOLN CREEK","DR",53218,"Congress School","School","07:24","10:21","14:50","14:39"
"8.7","Paul","Simpson",11915,"KAUL","AV","",532251009,6000,"RYAN","RD",53132,"Milwaukee County Sports Complex","Sport","07:39","10:49","16:20","14:09"
"13.4","Christian","Grant",2511,"CRAMER","ST","",532113905,2419,"KENWOOD","BLVD",53211,"Helene Zelazo Center for the Performing Arts","Band Rehearsal","07:49","09:05","14:19","14:03"
"7.7","John","Fisher",1313,"23RD","ST","",532041908,5225,"LINCOLN CREEK","DR",53218,"Congress School","School","07:53","09:16","15:01","13:19"
"20.2","Sophie","Ferguson",3811,"4TH","ST","",532121111,2520,"NATIONAL","AVE",53204,"McDonald's","Job","08:07","09:12","16:05","13:47"
"18","Sam","Piper",4535,"66TH","ST","",532185512,5130,"53RD","ST",53218,"Hampton Fieldhouse","Sport","08:28","09:49","13:43","13:33"
"1.5","Lily","Hughes",2025,"37TH","ST","",532080000,1801,"OLIVE","ST",53209,"Rufus King High School","School","09:38","10:56","16:58","17:04"
"8.12","Dorothy","Blake",1820,"18TH","ST","",532043114,6000,"RYAN","RD",53132,"Milwaukee County Sports Complex","Sport","09:14","09:43","16:49","13:52"
"15.15","Bernadette","Jones",2305,"SCOTT","ST","2W",532041930,1111,"VEL R PHILLIPS","AVE",53203,"Fiserv Forum","Event","09:51","10:27","15:04","13:40"
"13.19","Justin","Vaughan",1733,"CAMBRIDGE","AV","302",532021814,2419,"KENWOOD","BLVD",53211,"Helene Zelazo Center for the Performing Arts","Band Rehearsal","07:59","10:24","13:29","17:29"
"1.19","Joshua","Short",11925,"CARMEN","AV","",532252113,1801,"OLIVE","ST",53209,"Rufus King High School","School","09:28","09:02","15:15","16:44"
"20.11","Fiona","Kelly",4006,"WHITNALL","AV","",532074463,2520,"NATIONAL","AVE",53204,"McDonald's","Job","07:23","10:53","13:09","15:37"
"16.15","Claire","Vance",5220,"LOVERS LANE","RD","4",532253079,400,"KILBOURN","AVE",53203,"UW-Milwaukee Panther Arena","Event","07:22","10:04","16:48","14:33"
"8.4","Trevor","Hill",508,"CHAMBERS","ST","",532122308,6000,"RYAN","RD",53132,"Milwaukee County Sports Complex","Sport","09:11","10:23","13:02","13:45"
"19.17","Jennifer","Glover",6766,"APPLETON","AV","7",532162785,6215,"WARNIMONT","AVE",53220,"Driver's Education Class","Event","08:38","09:05","15:18","17:16"
"5.15","Lucas","James",5061,"48TH","ST","",532184443,517,"WISCONSIN","AVE",53202,"Milwaukee Federal Building","Job","08:49","10:50","15:58","16:37"
"17.10","Keith","Springer",316,"CONCORDIA","AV","",532120000,9050,"SWAN","RD",53224,"Northwest YMCA","Sport","07:22","09:03","13:45","17:04"
"2.14","Gabrielle","Russell",2862,"37TH","ST","",532101821,8400,"BURLEIGH","ST",53222,"Milwaukee School of Languages","School","09:37","10:33","14:11","13:19"
"3.1","Hannah","Edmunds",3260,"98TH","ST","",532274212,4965,"20TH","ST",53221,"Ronal Reagan High School","School","09:31","10:03","14:47","14:27"
"2.15","Jan","Walsh",4961,"26TH","ST","",532095506,8400,"BURLEIGH","ST",53222,"Milwaukee School of Languages","School","07:08","09:31","14:33","15:09"
"1.9","Leonard","Bond",9119,"LISBON","AV","6",532222732,1801,"OLIVE","ST",53209,"Rufus King High School","School","09:07","10:00","15:37","14:49"
"19.12","Jake","Miller",625,"BRUCE","ST","",532041531,6215,"WARNIMONT","AVE",53220,"Driver's Education Class","Event","08:36","10:03","15:27","17:22"
"4.2","Edward","Sharp",2977,"58TH","ST","",532101544,4601,"84TH","ST",53225,"Hmong American Peace Academy","School","09:50","09:10","15:54","14:04"
"20.15","Emma","Morgan",3346,"26TH","ST","",532061240,2520,"NATIONAL","AVE",53204,"McDonald's","Job","09:44","10:49","14:16","14:59"
"6.10","Anna","Parr",2188,"46TH","ST","",532081227,2751,"LENOX","ST",53207,"Bay View High School","School","08:22","10:07","13:34","13:22"
"10.11","Felicity","McDonald",5378,"GREEN BAY","AV","",532095060,3401,"WISCONSIN","AVE",53208,"Marquette University High School","School","09:17","09:07","13:12","17:32"
"7","Rachel","Allan",2130,"7TH","ST","104",532152744,5225,"LINCOLN CREEK","DR",53218,"Congress School","School","08:30","10:20","16:49","17:14"
"6.18","Ruth","Mitchell",923,"10TH","ST","A",532041339,2751,"LENOX","ST",53207,"Bay View High School","School","07:36","10:15","13:06","17:49"
"2.11","Abigail","Mills",6611,"19TH","ST","",532215218,8400,"BURLEIGH","ST",53222,"Milwaukee School of Languages","School","09:09","09:08","16:40","16:10"
"5.4","Dorothy","Duncan",9419,"CAPITOL","DR","",532221536,517,"WISCONSIN","AVE",53202,"Milwaukee Federal Building","Job","09:18","09:52","14:28","13:49"
"13.9","Virginia","Terry",1400,"IONA","TR","",532215020,2419,"KENWOOD","BLVD",53211,"Helene Zelazo Center for the Performing Arts","Band Rehearsal","09:07","10:17","15:47","17:38"
"2.16","Jessica","Cameron",3175,"75TH","ST","1",532162766,8400,"BURLEIGH","ST",53222,"Milwaukee School of Languages","School","07:34","10:37","15:16","13:50"
"7.8","Joseph","Roberts",3442,"4TH","ST","",532121435,5225,"LINCOLN CREEK","DR",53218,"Congress School","School","07:53","09:47","14:08","15:53"
"18.6","Bernadette","Carr",6423,"SPOKANE","ST","",532235438,5130,"53RD","ST",53218,"Hampton Fieldhouse","Sport","07:58","10:32","13:02","14:06"
"9.4","Nicholas","Greene",1534,"VLIET","ST","",532052012,1818,"CANAL","ST",53233,"Marquette University Valley Fields","Sport","08:42","10:44","14:41","17:56"
"6.4","Jake","Thomson",3327,"IONA","TR","1",532214089,2751,"LENOX","ST",53207,"Bay View High School","School","09:38","10:14","15:27","16:34"
"8","Fiona","Graham",2830,"4TH","ST","",532122318,6000,"RYAN","RD",53132,"Milwaukee County Sports Complex","Sport","09:37","09:42","13:01","14:27"
"13.13","Natalie","Parr",7251,"LAKEFIELD","DR","1",532194052,2419,"KENWOOD","BLVD",53211,"Helene Zelazo Center for the Performing Arts","Band Rehearsal","08:09","10:51","15:39","17:02"
"9.11","Amy","Rees",4230,"BURRELL","ST","",532075004,1818,"CANAL","ST",53233,"Marquette University Valley Fields","Sport","09:12","10:29","13:27","15:01"
"7.14","Sarah","Tucker",4871,"104TH","ST","",532254015,5225,"LINCOLN CREEK","DR",53218,"Congress School","School","09:23","09:07","16:36","17:27"
"11.3","Emily","Slater",557,"17TH","ST","106",532332104,1532,"WELLS","ST",53233,"Jimmy Johns","Job","09:10","09:13","13:24","13:53"
"14.4","Katherine","Short",1122,"GRANT","ST","3",532152781,1641,"MILLER PARK","WAY",53214,"Culver's","Job","08:09","10:38","15:15","17:32"
"3.14","Sean","Kelly",3386,"23RD","ST","",532061713,4965,"20TH","ST",53221,"Ronal Reagan High School","School","07:53","10:35","14:00","17:32"
"15","Penelope","Marshall",7200,"CARMEN","AV","",532182235,1111,"VEL R PHILLIPS","AVE",53203,"Fiserv Forum","Event","07:10","09:06","15:19","17:19"
"13.8","Alexander","Mathis",3940,"SHERMAN","BL","5",532162449,2419,"KENWOOD","BLVD",53211,"Helene Zelazo Center for the Performing Arts","Band Rehearsal","09:01","10:48","16:48","15:46"
"6.7","Pippa","Knox",1685,"FRANKLIN","PL","B",532022201,2751,"LENOX","ST",53207,"Bay View High School","School","07:35","10:26","15:54","17:10"
"10.19","Maria","Morrison",1905,"ATKINSON","AV","5",532062453,3401,"WISCONSIN","AVE",53208,"Marquette University High School","School","08:52","10:48","14:37","17:41"
"8.17","Dominic","Rutherford",7921,"HADLEY","ST","",532224927,6000,"RYAN","RD",53132,"Milwaukee County Sports Complex","Sport","07:24","10:04","14:58","15:56"
"2.1","Bella","Short",2351,"48TH","ST","",532102802,8400,"BURLEIGH","ST",53222,"Milwaukee School of Languages","School","08:07","09:41","15:41","15:07"
"7.4","Matt","Payne",2506,"LEGION","ST","",532043651,5225,"LINCOLN CREEK","DR",53218,"Congress School","School","07:56","10:40","14:52","14:08"
"17.7","Steven","Graham",4121,"24TH","PL","",532096607,9050,"SWAN","RD",53224,"Northwest YMCA","Sport","09:26","10:34","14:10","17:26"
"10.17","Victor","Walker",3301,"GREENFIELD","AV","B",532151516,3401,"WISCONSIN","AVE",53208,"Marquette University High School","School","08:06","10:03","15:11","14:21"
"4.1","Irene","Quinn",6525,"19TH","ST","",532215216,4601,"84TH","ST",53225,"Hmong American Peace Academy","School","08:19","10:33","15:56","17:44"
"19.18","Neil","Nash",7567,"76TH","ST","",532230000,6215,"WARNIMONT","AVE",53220,"Driver's Education Class","Event","08:19","09:07","16:05","16:22"
"9.13","Joe","Abraham",1604,"33RD","ST","",532080000,1818,"CANAL","ST",53233,"Marquette University Valley Fields","Sport","08:48","09:54","16:15","14:00"
"10.2","Faith","Chapman",3350,"58TH","ST","",532163126,3401,"WISCONSIN","AVE",53208,"Marquette University High School","School","08:12","09:02","14:19","17:46"
"15.14","Heather","Johnston",1635,"52ND","ST","",532082225,1111,"VEL R PHILLIPS","AVE",53203,"Fiserv Forum","Event","09:52","10:28","16:33","13:59"
"14.17","Peter","Coleman",3951,"81ST","ST","",532222931,1641,"MILLER PARK","WAY",53214,"Culver's","Job","09:54","10:24","14:14","17:47"
"14","Carol","Watson",1429,"21ST","ST","5",532051945,1641,"MILLER PARK","WAY",53214,"Culver's","Job","09:44","09:00","15:47","16:20"
"20.6","Rachel","Piper",3315,"15TH","PL","",532155029,2520,"NATIONAL","AVE",53204,"McDonald's","Job","07:14","09:56","13:46","13:22"
"6.3","Diane","Ross",627,"5TH","ST","",532040000,2751,"LENOX","ST",53207,"Bay View High School","School","08:25","10:11","16:54","15:15"
"14.5","Liam","Hart",7836,"64TH","CT","",532234162,1641,"MILLER PARK","WAY",53214,"Culver's","Job","08:01","09:34","13:40","14:12"
"7.10","Olivia","Hughes",2244,"21ST","ST","",532152554,5225,"LINCOLN CREEK","DR",53218,"Congress School","School","09:01","09:06","13:40","16:11"
"8.9","Mary","Dyer",7933,"DENVER","AV","",532234941,6000,"RYAN","RD",53132,"Milwaukee County Sports Complex","Sport","08:54","09:45","15:30","17:37"
"12.15","Michelle","Mills",2826,"CRAMER","ST","",532113555,2907,"OAKLAND","AVE",53211,"Blaze Pizza","Job","09:34","10:03","15:56","15:59"
"10.5","Liam","Manning",7673,"EDGEWORTH","DR","",532234320,3401,"WISCONSIN","AVE",53208,"Marquette University High School","School","09:50","09:30","16:45","13:55"
"13.6","Abigail","Chapman",3334,"HIGHLAND","BL","216",532083254,2419,"KENWOOD","BLVD",53211,"Helene Zelazo Center for the Performing Arts","Band Rehearsal","08:43","10:53","16:04","14:59"
"12.16","Molly","Cornish",3901,"5TH","ST","",532121135,2907,"OAKLAND","AVE",53211,"Blaze Pizza","Job","08:36","09:52","13:39","13:30"
"18.4","Eric","Mitchell",1908,"52ND","ST","",532081752,5130,"53RD","ST",53218,"Hampton Fieldhouse","Sport","09:49","10:24","14:07","13:47"
"6.12","Phil","Hamilton",2601,"12TH","ST","",532150000,2751,"LENOX","ST",53207,"Bay View High School","School","09:40","09:21","14:42","16:41"
"20.17","Gabrielle","Morgan",7711,"BENDER","AV","3",532181117,2520,"NATIONAL","AVE",53204,"McDonald's","Job","08:13","09:29","16:20","14:02"
"18.14","Julian","Rees",2641,"44TH","ST","",532102401,5130,"53RD","ST",53218,"Hampton Fieldhouse","Sport","07:09","09:02","13:36","17:48"
"10.9","Diane","Bond",3577,"60TH","ST","",532201301,3401,"WISCONSIN","AVE",53208,"Marquette University High School","School","09:20","09:39","15:39","13:32"
"6.6","Wanda","Hamilton",901,"DAKOTA","ST","",532072207,2751,"LENOX","ST",53207,"Bay View High School","School","09:46","09:49","16:16","17:52"
"3.17","Gordon","Piper",1226,"HOWARD","AV","",532074046,4965,"20TH","ST",53221,"Ronal Reagan High School","School","08:07","09:13","15:41","15:35"
"6.17","Melanie","Stewart",4830,"CLEVELAND","AV","",532193232,2751,"LENOX","ST",53207,"Bay View High School","School","07:44","10:42","14:30","16:35"
"8.8","Ruth","Morgan",5524,"LONG ISLAND","DR","",532095054,6000,"RYAN","RD",53132,"Milwaukee County Sports Complex","Sport","07:15","09:01","16:32","16:41"
"7.19","Emily","Howard",2220,"LAYTON","AV","103",532212742,5225,"LINCOLN CREEK","DR",53218,"Congress School","School","08:10","10:56","15:17","16:52"
"13.2","Michael","Ince",2862,"9TH","ST","",532063214,2419,"KENWOOD","BLVD",53211,"Helene Zelazo Center for the Performing Arts","Band Rehearsal","07:32","10:36","14:52","17:25"
"13.7","Jasmine","Kerr",3239,"58TH","ST","306",532194331,2419,"KENWOOD","BLVD",53211,"Helene Zelazo Center for the Performing Arts","Band Rehearsal","07:24","10:00","15:32","16:38"
"4.16","Lily","Vance",4627,"39TH","ST","",532095859,4601,"84TH","ST",53225,"Hmong American Peace Academy","School","07:46","10:52","15:57","14:24"
"20.5","Andrea","Welch",1516,"LAYTON","BL","",532151925,2520,"NATIONAL","AVE",53204,"McDonald's","Job","08:39","09:56","13:35","15:35"
"11.9","David","Chapman",5673,"HONEY CREEK","DR","",532214013,1532,"WELLS","ST",53233,"Jimmy Johns","Job","07:26","10:01","14:37","16:50"
"14.3","Julian","Wright",3401,"24TH","ST","",532061304,1641,"MILLER PARK","WAY",53214,"Culver's","Job","09:53","10:39","14:50","13:15"
"4.11","Sean","Fraser",8461,"107TH","ST","",532242221,4601,"84TH","ST",53225,"Hmong American Peace Academy","School","09:50","09:19","15:13","13:38"
"12.18","Kimberly","Terry",1738,"60TH","ST","",532081634,2907,"OAKLAND","AVE",53211,"Blaze Pizza","Job","09:58","10:02","14:38","16:56"
"2.5","Ruth","Terry",4908,"LYNNDALE","AV","",532202004,8400,"BURLEIGH","ST",53222,"Milwaukee School of Languages","School","09:07","09:52","16:59","14:38"
"15.12","Jason","Ince",2652,"15TH","PL","",532153316,1111,"VEL R PHILLIPS","AVE",53203,"Fiserv Forum","Event","07:25","09:39","16:00","14:54"
"19.14","Vanessa","Skinner",1404,"ARMOUR","AV","1",532212850,6215,"WARNIMONT","AVE",53220,"Driver's Education Class","Event","07:01","09:53","13:45","16:20"
"2.3","David","Davies",8505,"BURLEIGH","ST","3",532223750,8400,"BURLEIGH","ST",53222,"Milwaukee School of Languages","School","09:03","09:04","13:26","17:15"
"8.14","Emma","Black",2829,"WISCONSIN","AV","312",532084085,6000,"RYAN","RD",53132,"Milwaukee County Sports Complex","Sport","09:02","09:29","15:58","13:34"
"14.9","Joshua","Robertson",8149,"107TH","ST","R",532242571,1641,"MILLER PARK","WAY",53214,"Culver's","Job","09:45","09:12","13:27","14:30"
"12.7","Evan","Murray",3956,"88TH","ST","C",532222747,2907,"OAKLAND","AVE",53211,"Blaze Pizza","Job","08:13","09:43","16:59","16:37"
"1.12","Angela","Clarkson",3244,"26TH","ST","",532061238,1801,"OLIVE","ST",53209,"Rufus King High School","School","08:16","10:18","16:06","13:29"
"10.14","Owen","Miller",4274,"90TH","CT","",532221604,3401,"WISCONSIN","AVE",53208,"Marquette University High School","School","08:36","09:51","14:37","14:50"
"5.2","Theresa","Thomson",1812,"ATKINSON","AV","",532062448,517,"WISCONSIN","AVE",53202,"Milwaukee Federal Building","Job","08:14","09:08","14:06","17:29"
"8.18","Leah","Tucker",2543,"27TH","ST","",532103109,6000,"RYAN","RD",53132,"Milwaukee County Sports Complex","Sport","07:17","10:22","16:49","14:20"
"4.5","Phil","Edmunds",2720,"FREDERICK","AV","339",532113631,4601,"84TH","ST",53225,"Hmong American Peace Academy","School","08:08","10:42","14:01","15:58"
"5.11","Victor","Wilkins",7901,"BROWN DEER","RD","",532231909,517,"WISCONSIN","AVE",53202,"Milwaukee Federal Building","Job","07:35","10:44","13:28","14:09"
"19.4","Hannah","Fraser",3530,"ROOSEVELT","DR","",532160000,6215,"WARNIMONT","AVE",53220,"Driver's Education Class","Event","09:10","09:10","15:10","17:59"
"19","Oliver","Lyman",2558,"BREMEN","ST","",532123002,6215,"WARNIMONT","AVE",53220,"Driver's Education Class","Event","07:01","09:01","15:41","15:38"
"1.4","Heather","Payne",4809,"89TH","ST","",532254105,1801,"OLIVE","ST",53209,"Rufus King High School","School","09:45","09:50","14:29","17:08"
"4.6","William","Quinn",2239,"38TH","ST","",532080000,4601,"84TH","ST",53225,"Hmong American Peace Academy","School","09:42","10:56","13:35","16:16"
"20.19","Simon","Simpson",228,"VAN BECK","AV","",532074454,2520,"NATIONAL","AVE",53204,"McDonald's","Job","09:15","09:59","16:52","17:18"
"11.10","Abigail","Lee",3331,"82ND","ST","",532223840,1532,"WELLS","ST",53233,"Jimmy Johns","Job","09:51","10:59","13:16","16:30"
"11.19","Max","Howard",2461,"28TH","ST","",532103104,1532,"WELLS","ST",53233,"Jimmy Johns","Job","08:52","09:59","15:24","16:56"
"15.1","Dominic","Poole",2258,"21ST","ST","",532152554,1111,"VEL R PHILLIPS","AVE",53203,"Fiserv Forum","Event","08:58","09:14","13:46","13:56"
"1.6","Faith","MacDonald",610,"62ND","ST","",532141854,1801,"OLIVE","ST",53209,"Rufus King High School","School","08:08","10:07","15:15","14:32"
"10.3","Claire","Ball",817,"1ST","ST","",532041816,3401,"WISCONSIN","AVE",53208,"Marquette University High School","School","07:11","09:28","13:35","14:29"
"20.1","Boris","Lee",2013,"51ST","ST","",532081747,2520,"NATIONAL","AVE",53204,"McDonald's","Job","09:04","10:27","16:17","14:56"
"15.13","Max","Fraser",6333,"CONGRESS","ST","",532185515,1111,"VEL R PHILLIPS","AVE",53203,"Fiserv Forum","Event","07:22","10:34","14:19","14:29"
"17.18","Sean","Russell",6622,"CARMEN","AV","",532182314,9050,"SWAN","RD",53224,"Northwest YMCA","Sport","07:52","09:53","14:54","17:18"
"5.12","Carolyn","Jones",2019,"ROOSEVELT","DR","1",532096321,517,"WISCONSIN","AVE",53202,"Milwaukee Federal Building","Job","08:53","09:56","13:45","16:44"
"7.3","Rose","James",2735,"SHORE","DR","",532072323,5225,"LINCOLN CREEK","DR",53218,"Congress School","School","08:10","09:48","15:04","17:18"
"7.15","Wanda","Rees",2653,"35TH","ST","",532100000,5225,"LINCOLN CREEK","DR",53218,"Congress School","School","07:12","10:48","14:58","16:44"
"7.5","Sue","Sanderson",3707,"58TH","BL","",532162850,5225,"LINCOLN CREEK","DR",53218,"Congress School","School","09:35","10:07","13:34","16:40"
"1.16","Jason","Tucker",2240,"LAYTON","AV","112",532215404,1801,"OLIVE","ST",53209,"Rufus King High School","School","08:09","10:22","16:00","17:55"
"17.2","Virginia","Rutherford",4632,"20TH","ST","5",532212878,9050,"SWAN","RD",53224,"Northwest YMCA","Sport","09:00","09:39","13:02","14:01"
"18.5","Natalie","Hart",9111,"DIXON","ST","7",532141354,5130,"53RD","ST",53218,"Hampton Fieldhouse","Sport","07:03","09:11","13:42","16:53"
"9.14","Melanie","Hart",9926,"SARASOTA","PL","3",532221459,1818,"CANAL","ST",53233,"Marquette University Valley Fields","Sport","08:47","10:52","13:27","17:46"
"8.11","Carolyn","Ellison",9011,"HAWTHORNE","AV","3",532264537,6000,"RYAN","RD",53132,"Milwaukee County Sports Complex","Sport","07:49","10:20","15:08","14:30"
"3.7","Frank","Russell",1554,"UNION","ST","",532042648,4965,"20TH","ST",53221,"Ronal Reagan High School","School","08:11","09:01","15:10","13:39"
"4.12","Connor","Springer",6412,"CUSTER","AV","",532183037,4601,"84TH","ST",53225,"Hmong American Peace Academy","School","07:26","09:13","13:05","14:20"
"15.11","Amanda","Henderson",2823,"11TH","ST","",532153811,1111,"VEL R PHILLIPS","AVE",53203,"Fiserv Forum","Event","09:28","10:41","13:36","14:49"
"14.6","Elizabeth","Gill",3569,"11TH","ST","",532063032,1641,"MILLER PARK","WAY",53214,"Culver's","Job","07:25","09:53","15:13","17:46"
